Unnamed: 0,X,coral_id,slurry_date,nub,slurry_volume,slurry_notes,coral_num,dry_weight,dip_weight,wax_weight,surface_area,protein_analysis_date,protein_absorbance,protein_absorbance_se,protein_mg_ml,protein_se,carb_analysis_date,carb_absorbance,carb_absorbance_se,carb_mg_ml,carb_se,avg_num_Zoox_cells,num_Zoox_cells_se,haplotype,dna_collection_date,branch_width,burned_pan,burned_pan_se,burned_pan_dry_res,burned_pan_dry_res_se,dry_tissue,dry_tissue_se,burned_pan_burned_res,burned_pan_burned_res_se,afdw_g_ml,afdw_se,Year,protein_mg_cm2,carb_mg_cm2,zooxDensity,zoox_cells_cm2,afdw_mg_cm2,protein_mg_cm2_se,carb_mg_cm2_se,zooxDensity_se,zoox_cells_cm2_se,afdw_mg_cm2_se,coral_id_numeric,slurry_date_numeric,slurry_notes_numeric,protein_analysis_date_numeric,carb_analysis_date_numeric,haplotype_numeric,dna_collection_date_numeric,branch_width_numeric
1,1,FE-POC01,8/25/2019,2,17.5,,1,25.6662,27.0227,1.3565,5204.185,4/30/2021,0.799,0.00450925,1.530333333,0.008353309,5/5/2021,0.7255,0.0165,0.217,0.005,75.5,4.956630087,1a_Pe,8/28/2019,wide,0.77455,0.00135,0.8274,0.0027,0.05285,0.00135,0.81155,0.00205,0.01585,0.00065,2019,0.005146018699854,0.0007297011924057,755000.0,2538.82212104297,0.0532984511503722,2.8089490957758e-05,1.68133915300859e-05,49566.30087,166.675524645069,0.0021857408989111,,,,,,,,
2,2,FE-POC02,8/25/2019,2,20.5,,2,9.9323,10.3193,0.387,1529.78,4/27/2021,0.268,0.113509177,0.536333333,0.23335119,5/3/2021,0.095,0.001527525,0.031666667,0.000333333,13.73333333,0.870900358,Did not amplify,12/16/2019,wide,0.77575,0.00795,0.82235,0.00805,0.0466,9.99999999999994e-05,0.81195,0.00815,0.0104,0.0001,2019,0.0071871990263305,0.0004243529615369,137333.3333,1840.35177126776,0.139366444848279,0.0031270505530207,4.4668687654434e-06,8709.00358,116.706044914955,0.0013400619696949,,,,,,,,
3,3,FE-POC03,8/25/2019,2,12.0,2mL spilled,3,5.562,5.9605,0.3985,1573.365,4/30/2021,0.351666667,0.005174725,0.178,0.002516611,5/5/2021,0.128666667,0.001666667,0.041666667,0.000666667,12.83333333,0.546847461,8a,8/28/2019,tight,0.7708,0.0012,0.8183,0.0006,0.0475,0.0006,0.80705,0.00065,0.01125,4.99999999999997e-05,2019,0.0013575997940719,0.0003177902165104,128333.3333,978.793858767673,0.0858033577714008,1.91941043559505e-05,5.08464596581213e-06,5468.47461,41.7078651933912,0.0003813482567617,,,,,,,,
4,4,FE-POC04,8/25/2019,2,15.0,,4,16.1463,17.0426,0.8963,3460.027,4/27/2021,0.540666667,0.001333333,1.097666667,0.002333333,5/3/2021,0.546,0.011590226,0.160333333,0.003179797,86.16666667,2.673759507,1a_Pe,8/28/2019,wide,0.7788,0.0003,0.82645,0.00015,0.04765,0.00015,0.8139,9.9999999999989e-05,0.01255,4.99999999999997e-05,2019,0.0047586333878319,0.0006950812797125,861666.6667,3735.51998308106,0.0544070898868708,1.01155265551396e-05,1.37851395379285e-05,26737.59507,115.913524966713,0.0002167613142903,,,,,,,,
5,5,FE-POC05,8/25/2019,2,19.5,,5,5.1298,5.4249,0.2951,1181.479,4/27/2021,0.203,0.002645751,0.402666667,0.005607535,5/3/2021,0.188333333,0.000881917,0.058333333,0.000333333,24.41666667,0.972291233,1a,12/16/2019,tight,0.7782,0.0061,0.82285,0.00715,0.04465,0.00105,0.8133,0.0068,0.00955,0.00035,2019,0.0066459073809183,0.0009627763113013,244166.6667,4029.90658373953,0.157620237008021,9.25508896053167e-05,5.5015734515806e-06,9722.91233,160.474109514431,0.0057766579008175,,,,,,,,
6,6,FE-POC06,8/25/2019,1,32.5,"very clumpy, working",6,24.5807,25.9953,1.4146,5424.384,4/27/2021,0.673666667,0.004910307,1.371,0.010148892,5/3/2021,0.507,0.011676187,0.149333333,0.003282953,47.08333333,2.220627584,Did not amplify,12/16/2019,tight,0.7779,0.0007,0.82605,0.00055,0.04815,0.00015,0.8134,0.0006,0.01265,4.99999999999997e-05,2019,0.0082142967754495,0.0008947252485259,470833.3333,2820.98083989813,0.0757920161994431,6.08067183296758e-05,1.96696938306728e-05,22206.27584,133.048096299967,0.000299573186559,,,,,,,,
7,7,FE-POC07,8/25/2019,2,22.5,,7,13.192,14.0825,0.8905,3438.045,4/27/2021,0.345,0.005507571,0.695666667,0.011289129,5/3/2021,0.335333333,0.006765928,0.1,0.002081666,57.58333333,2.840343378,1a_Pe,8/28/2019,wide,0.77665,0.00205,0.8234,0.0022,0.04675,0.00015,0.8117,0.0023,0.0117,0.0001,2019,0.0045527327325558,0.0006544416957893,575833.3333,3768.4934313687,0.0765696784073507,7.38807672674441e-05,1.36232902710698e-05,28403.43378,185.883913692229,0.0006544416957893,,,,,,,,
8,8,FE-POC08,8/29/2019,2,20.5,working slurry; biopsy sample,8,12.8502,13.7541,0.9039,3488.831,4/30/2021,1.451,0.00450925,0.707333333,0.002185813,5/5/2021,0.588333333,0.005238745,0.176,0.001527525,86.75,2.73895855,8a,8/28/2019,tight,0.7678,,0.8213,,0.0535,,0.806,,0.0153,,2019,0.004156215456266,0.0010341572864951,867500.0,5097.33776155967,0.0899011732009948,1.28436047776462e-05,8.97557448325815e-06,27389.5855,160.938292152873,,,,,,,,,
9,9,FE-POC09,8/25/2019,1,20.0,,9,6.0721,6.4575,0.3854,1523.716,4/27/2021,0.195666667,0.001763834,0.387666667,0.003480102,5/3/2021,0.135333333,0.004176655,0.043,0.001,12.43333333,0.800406985,8a,8/28/2019,tight,0.778,0.0042,0.8243,0.0042,0.0463,0.0,0.81305,0.00445,0.01125,0.00025,2019,0.0050884373072147,0.0005644096406416,124333.3333,1631.97516203807,0.147665312958583,4.56791423073591e-05,1.31258055963185e-05,8004.06985,105.059864830454,0.0032814513990796,,,,,,,,
10,10,FE-POC10,8/25/2019,1,21.0,,10,8.1807,8.7923,0.6116,2381.014,4/30/2021,0.274,0.001732051,0.515333333,0.003480102,5/5/2021,0.296,0.002516611,0.091333333,0.000666667,53.08333333,1.4059308,1a,8/28/2019,wide,0.777,0.0035,0.82315,0.00335,0.04615,0.00015,0.81265,0.00335,0.0105,0.0,2019,0.004545122369293,0.0008055391497068,530833.3333,4681.82883397578,0.0926076033152262,3.06937052869072e-05,5.87985076946209e-06,14059.308,123.999887442913,0.0,,,,,,,,
11,11,FE-POC11,8/29/2019,2,20.0,working slurry,11,4.4757,4.9257,0.45,1768.55,4/30/2021,0.120666667,0.005206833,0.219,0.009865766,5/5/2021,0.124333333,0.00120185,0.040666667,0.000333333,16.63333333,0.640551726,1a_Pe,8/28/2019,wide,0.76615,0.00085,0.81425,0.00125,0.0481,0.0004,0.80235,0.00115,0.0119,0.0001,2019,0.002476605128495,0.0004598871052557,166333.3333,1881.01363602952,0.134573520680784,0.000111568980238,3.76956263605779e-06,6405.51726,72.4380680218258,0.0011308699216872,,,,,,,,
12,12,FE-POC12,8/25/2019,1,20.0,,12,8.0388,8.5694,0.5306,2074.024,4/30/2021,0.227,0.002081666,0.425333333,0.003929942,5/5/2021,0.182,0.001732051,0.058,0.00057735,17.06666667,0.910896153,1a,12/16/2019,wide,0.774,0.0051,0.81945,0.00545,0.04545,0.00035,0.8089,0.0054,0.01055,4.99999999999997e-05,2019,0.0041015275908089,0.0005592992173668,170666.6667,1645.75401923989,0.101734599021034,3.78967842223619e-05,5.5674379852885e-06,9108.96153,87.8385354267839,0.00048215449773,,,,,,,,
13,13,FE-POC13,8/25/2019,2,12.5,,13,9.0189,9.5725,0.5536,2161.194,4/30/2021,0.95,0.007505553,0.466,0.003511885,5/5/2021,0.421333333,0.001333333,0.128333333,0.000333333,32.0,1.218813869,1a,12/16/2019,tight,0.7717,,0.8195,,0.0478,,0.8076,,0.0119,,2019,0.002695269374244,0.0007422594466299,320000.0,1850.8287548457,0.0688276943208245,2.03121804428478e-05,1.92794469168432e-06,12188.13869,70.4942423609357,,,,,,,,,
14,14,FE-POC14,8/25/2019,2,15.0,a little clumpy,14,13.504,14.4393,0.9353,3607.837,4/30/2021,0.998666667,0.006333333,0.489333333,0.003179797,5/5/2021,0.728333333,0.01537675,0.216,0.00450925,57.5,1.872852305,Did not amplify,8/28/2019,wide,0.76655,0.00015,0.821,0.0077,0.05445,0.00785,0.80645,0.00575,0.01455,0.00195,2019,0.0020344599811466,0.0008980450059135,575000.0,2390.62906666792,0.0604933094261188,1.32203741466147e-05,1.87477289023867e-05,18728.52305,77.8660027462438,0.0081073507478303,,,,,,,,
15,15,FE-POC15,8/25/2019,1,20.0,,15,9.2022,9.9185,0.7163,2777.827,4/27/2021,0.404,0.004358899,0.816333333,0.009333333,5/3/2021,0.411,0.00781025,0.122,0.002309401,54.08333333,2.001735358,10,8/28/2019,tight,0.77015,0.00435,0.8682,0.0046,0.09805,0.00025,0.8432,0.004,0.025,0.0006,2019,0.0058774958483735,0.0008783844350278,540833.3333,3893.93099930269,0.179996810456519,6.71988068371428e-05,1.66273925626038e-05,20017.35358,144.122391927215,0.0043199234509564,,,,,,10.0,,
16,16,FE-POC16,8/25/2019,3,25.0,a little clumpy,16,8.7344,9.298,0.5636,2199.094,4/30/2021,0.683666667,0.002848001,0.338,0.001527525,5/5/2021,0.207333333,0.002403701,0.064333333,0.000881917,12.36666667,0.721561737,1a_Pm,8/28/2019,tight,0.77945,0.00085,0.82645,0.00045,0.047,0.0004,0.81565,0.00035,0.0108,0.0001,2019,0.0038424914987717,0.0007313617903554,123666.6667,1405.88199845027,0.122777834871997,1.73653900197081e-05,1.00259129441488e-05,7215.61737,82.029433143831,0.0011368318043703,,,,,,,,
17,17,FE-POC17,8/25/2019,1,22.5,,17,14.0119,14.8697,0.8578,3314.112,4/30/2021,0.32,0.004725816,0.604,0.009291573,5/5/2021,0.161666667,0.000666667,0.051333333,0.000333333,45.66666667,2.347297152,3b,8/28/2019,tight,0.7872,0.006,0.8357,0.0061,0.0485,9.99999999999994e-05,0.8239,0.0063,0.0118,0.0002,2019,0.0041006459648919,0.0003485096437597,456666.6667,3100.37802003976,0.08011195759226,6.30818730628295e-05,2.26304738644922e-06,23472.97152,159.361499913099,0.0013578297896993,,,,,,,,
18,18,FE-POC18,8/25/2019,1,18.5,,18,8.5438,9.1447,0.6009,2340.461,4/30/2021,0.335333333,0.000881917,0.634,0.002081666,5/5/2021,0.199333333,0.002333333,0.062,0.00057735,44.5,1.625471274,1a_Pm,12/16/2019,tight,0.7732,0.0011,0.8212,0.0013,0.048,0.0002,0.81015,0.00155,0.01105,0.00025,2019,0.0050114058726037,0.0004900743913271,445000.0,3517.46942162249,0.0873439036155698,1.64543741596207e-05,4.56362015859269e-06,16254.71274,128.484168584736,0.0019761064166418,,,,,,,,
19,19,FE-POC19,8/29/2019,2,21.0,working slurry,19,12.5914,13.4847,0.8933,3448.657,4/27/2021,0.564333333,0.000666667,1.145666667,0.001333333,5/3/2021,0.402,0.004163332,0.119333333,0.001452966,103.0,4.404543109,1a_Pm,12/16/2019,tight,0.7676,,0.8168,,0.0492,,0.8032,,0.0136,,2019,0.0069763389072905,0.0007266596802755,1030000.0,6272.00675509336,0.0828148464750191,8.11910056581446e-06,8.84758501642813e-06,44045.43109,268.207030415028,,,,,,,,,
20,20,FE-POC20,8/25/2019,1,15.0,,20,16.9455,17.7202,0.7747,2999.163,4/30/2021,0.394,0.01106044,0.747666667,0.020795299,5/3/2021,0.479,0.008020806,0.141333333,0.002333333,81.75,4.15627492,1a,12/16/2019,wide,0.77745,0.01185,0.82685,0.01135,0.0494,0.0005,0.81375,0.01175,0.0131,0.0004,2019,0.0037393766210772,0.0007068638800225,817500.0,4088.64073076388,0.0655182796000084,0.0001040055125379,1.16699209079333e-05,41562.7492,207.871742216078,0.0020005581557254,,,,,,,,
21,21,FE-POC21,8/25/2019,1,20.0,,21,17.6445,18.9203,1.2758,4898.332,4/30/2021,0.737,0.005196152,0.363333333,0.002603417,5/5/2021,0.374333333,0.000333333,0.113,0.0,57.88888889,1.887157992,Chimeric sequence,12/16/2019,wide,0.7748,0.0037,0.826,0.003,0.0512,0.0007,0.81135,0.00315,0.01465,0.00015,2019,0.0014834981908127,0.0004613815478411,578888.8889,2363.61638574111,0.0598162803174632,1.06298103109385e-05,0.0,18871.57992,77.0530863159132,0.00061245338209,,,,,,,,
22,22,FE-POC22,8/25/2019,2,20.0,,22,5.9068,6.2909,0.3841,1518.789,4/30/2021,0.167,0.004932883,0.308666667,0.00983757,5/5/2021,0.273,0.115503247,0.084333333,0.033834565,33.16666667,1.482468353,1a,12/16/2019,wide,0.77425,0.00215,0.81915,0.00125,0.0449,0.0009,0.80965,0.00125,0.0095,0.0,2019,0.0040646418561103,0.001110533892463,331666.6667,4367.51473311961,0.125099668222511,0.0001295449203279,0.0004455466164161,14824.68353,195.217156958603,0.0,,,,,,,,
23,23,FE-POC23,8/25/2019,2,20.0,"mismatch with dipped nub number, check nub",23,8.7646,9.3266,0.562,2193.03,4/30/2021,0.465,0.002645751,0.232333333,0.00120185,5/5/2021,0.230333333,0.009871395,0.071333333,0.002848001,29.375,1.398514351,1a_Pe,8/28/2019,wide,0.77435,0.00375,0.8204,0.0041,0.04605,0.00035,0.81015,0.00405,0.01025,4.99999999999997e-05,2019,0.0021188340606375,0.000650545893125,293750.0,2678.94192053916,0.0934779733975367,1.09606343734468e-05,2.59732060208935e-05,13985.14351,127.541743706196,0.0004559901141343,,,,,,,,
24,24,FE-POC24,8/25/2019,1,15.0,,24,15.181,16.2493,1.0683,4111.907,4/27/2021,0.703666667,0.001666667,1.432666667,0.003179797,5/3/2021,0.575666667,0.00120185,0.169,0.00057735,87.33333333,4.292935235,3b,8/28/2019,tight,0.77195,0.00085,0.8211,0.0004,0.04915,0.00045,0.8077,0.0004,0.0134,0.0,2019,0.0052262855178874,0.0006165022701145,873333.3333,3185.86971920814,0.0488824285179602,1.15997163846361e-05,2.10613956006301e-06,42929.35235,156.603805788895,0.0,,,,,,,,
25,25,FE-POC25,8/25/2019,1,22.5,,25,3.5286,3.8193,0.2907,1164.803,4/27/2021,0.114,0.003785939,0.220666667,0.00788106,5/3/2021,0.094,0.002645751,0.031,0.00057735,19.73333333,0.876163703,1a_Pm,8/28/2019,tight,0.7694,0.0011,0.8147,0.0002,0.0453,0.0009,0.80485,0.00045,0.00985,0.00025,2019,0.0042625233687584,0.0005988137049784,197333.3333,3811.80336868123,0.190268225614117,0.0001522350560566,1.11524223409452e-05,8761.63703,169.244784890664,0.0048291427820841,,,,,,,,
26,26,FE-POC26,8/25/2019,2,20.0,,26,6.488,6.929,0.441,1734.44,4/27/2021,0.223,0.00057735,0.444666667,0.00120185,5/5/2021,0.183666667,0.002333333,0.058,0.00057735,20.0,0.86966766,8a,8/28/2019,tight,0.78585,0.00345,0.83125,0.00325,0.0454,0.0002,0.82155,0.00335,0.0097,0.0001,2019,0.0051274955259334,0.0006688037637508,200000.0,2306.21987500288,0.11185166393764,1.38586517838611e-05,6.65748022416457e-06,8696.6766,100.282242106962,0.0011531099375014,,,,,,,,
27,27,FE-POC27,8/25/2019,2,16.0,,27,10.6803,11.504,0.8237,3184.873,4/30/2021,0.639333333,0.003756476,0.316666667,0.001763834,5/5/2021,0.295,0.00057735,0.090333333,0.000333333,38.0,1.060274967,1a,12/16/2019,wide,0.77195,0.00255,0.81815,0.00215,0.0462,0.0004,0.8074,0.0023,0.01075,0.00015,2019,0.0015908535982439,0.0004538119190309,380000.0,1909.02431588324,0.0540052931466969,8.86105788205683e-06,1.67458105864818e-06,10602.74967,53.2655445664552,0.0007535622299539,,,,,,,,
28,28,FE-POC28,8/25/2019,1,20.0,,28,4.6423,5.0326,0.3903,1542.287,4/27/2021,0.159333333,0.001763834,0.313666667,0.003527668,5/3/2021,0.2955,0.0055,0.0885,0.0015,17.4,0.74216211,1a_Pm,8/28/2019,tight,0.77565,0.00315,0.8214,0.0028,0.04575,0.00035,0.81125,0.00275,0.01015,5.00000000000006e-05,2019,0.0040675524983352,0.0011476463200429,174000.0,2256.38937499959,0.131622713541643,4.57459344467016e-05,1.94516325431e-05,7421.6211,96.2417643408782,0.0006483877514366,,,,,,,,
29,29,FE-POC29,8/25/2019,2,17.5,,29,19.5917,20.8034,1.2117,4655.393,4/27/2021,0.73,0.00321455,1.486333333,0.00617342,5/3/2021,0.708666667,0.011095545,0.207,0.00321455,122.0,4.575295983,3b,8/28/2019,tight,0.7752,0.0064,0.825,0.0069,0.0498,0.0005,0.811,0.0067,0.014,0.0002,2019,0.0055872475916641,0.0007781297948422,1220000.0,4586.07898409436,0.05262713588305,2.32063866573671e-05,1.20837542609185e-05,45752.95983,171.989088144653,0.0007518162269007,,,,,,,,
30,30,FE-POC30,8/25/2019,2,20.0,,30,29.6464,31.1244,1.478,5664.67,4/30/2021,0.533,0.003464102,1.015666667,0.00664162,5/5/2021,0.494666667,0.005456902,0.149333333,0.001763834,49.44444444,1.977359139,1a_Pe,8/28/2019,wide,0.7814,0.0057,0.8284,0.0047,0.047,0.001,0.81605,0.00475,0.01235,4.99999999999997e-05,2019,0.0035859694103981,0.0005272445985379,494444.4444,1745.71314622034,0.0436035991505242,2.34492741854336e-05,6.22749074526848e-06,19773.59139,69.8137451607949,0.000176532790083,,,,,,,,
31,31,FE-POC31,8/29/2019,1,25.0,,31,21.0868,22.1435,1.0567,4067.943,4/30/2021,0.732,0.00305505,0.361,0.001527525,5/5/2021,0.347,0.003605551,0.105333333,0.000881917,68.5,3.517273393,1a,12/16/2019,wide,0.77135,0.00085,0.8185,0.0008,0.04715,4.9999999999998e-05,0.80705,0.00015,0.01145,0.00065,2019,0.0022185659926896,0.0006473378129929,685000.0,4209.74433515907,0.0703672593249217,9.38757622710053e-06,5.41991984646786e-06,35172.73393,216.157981626095,0.003994647909275,,,,,,,,
32,32,FE-POC32,8/29/2019,2,22.0,,32,20.5362,21.8595,1.3233,5078.357,4/27/2021,0.752333333,0.008819171,1.533,0.017953644,5/3/2021,0.754333333,0.013739643,0.22,0.003785939,110.75,4.212400525,1a_Pm,12/16/2019,wide,0.77415,0.00465,0.8258,0.0049,0.05165,0.00025,0.81025,0.00465,0.01555,0.00025,2019,0.0066411242848819,0.0009530641504722,1107500.0,4797.811575673,0.0673643069992913,7.77771566670086e-05,1.64011033489768e-05,42124.00525,182.48581490037,0.0010830274437185,,,,,,,,
33,33,FE-POC33,8/29/2019,1,17.0,biopsy sample,33,2.1805,2.3206,0.1401,594.029,4/30/2021,0.097333333,0.002603417,0.055333333,0.001452966,5/5/2021,0.028,0.0,0.012,0.0,6.966666667,0.390941491,8a,8/28/2019,tight,0.77975,0.00355,0.82665,0.00365,0.0469,9.99999999999994e-05,0.81555,0.00335,0.0111,0.0003,2019,0.0015835365966981,0.0003434175772563,69666.66667,1993.72982361131,0.317661258962105,4.1581171962985e-05,0.0,3909.41491,111.880149740164,0.0085854394314082,,,,,,,,
34,34,FE-POC34,8/29/2019,2,25.0,,34,65.6963,69.3798,3.6835,14023.515,4/30/2021,0.659,0.003511885,1.260333333,0.006359595,5/5/2021,0.6375,0.0165,0.1915,0.0045,62.75,3.818069082,1a_Pe,8/28/2019,wide,0.76445,0.00185,0.81535,0.00225,0.0509,0.0004,0.8007,0.0023,0.01465,4.99999999999997e-05,2019,0.0022468213800177,0.0003413908709763,627500.0,1118.65677043166,0.0261168473096795,1.13373768987305e-05,8.02223978795616e-06,38180.69082,68.0654793395237,8.91359976439568e-05,,,,,,,,
35,35,FE-POC35,8/29/2019,1,25.0,,35,21.5303,23.0896,1.5593,5972.797,4/30/2021,0.573666667,0.002603417,1.094,0.004932883,5/5/2021,0.459666667,0.002728451,0.139333333,0.000881917,75.0,1.922750555,1a_Pm,8/28/2019,tight,0.7754,0.0019,0.82505,0.00175,0.04965,0.00015,0.81195,0.00185,0.0131,0.0001,2019,0.0045790941831775,0.0005831996843354,750000.0,3139.23275811986,0.0548319321751602,2.06472905407634e-05,3.69139031512372e-06,19227.50555,80.4794870393218,0.0004185643677493,,,,,,,,
36,36,FE-POC36,8/29/2019,1,20.0,biopsy sample,36,2.3541,2.5435,0.1894,780.876,4/27/2021,0.100333333,0.002333333,0.192333333,0.004841946,5/3/2021,0.107,0.002516611,0.034666667,0.000881917,17.63333333,0.842114653,1a_Pm,12/16/2019,tight,0.7886,,0.8355,,0.0469,,0.8239,,0.0116,,2019,0.0049260915433436,0.0008878917267274,176333.3333,4516.29537340116,0.297102228778961,0.000124013185192,2.25878884739703e-05,8421.14653,215.684603701484,,,,,,,,,
37,37,FE-POC37,8/29/2019,1,20.0,,37,12.6467,13.4836,0.8369,3234.901,4/30/2021,0.455,0.004725816,0.865,0.008888194,5/5/2021,0.444,0.00305505,0.134666667,0.000881917,103.6666667,3.105550586,1a,12/16/2019,wide,0.76685,0.00765,0.81565,0.00765,0.0488,0.0,0.80245,0.00795,0.0132,0.0003,2019,0.0053479225484798,0.0008325860173155,1036666.667,6409.26363434306,0.0816099163467445,5.49518764252755e-05,5.4525130753615e-06,31055.50586,192.002820859124,0.0018547708260623,,,,,,,,
38,38,FE-POC38,8/29/2019,2,21.0,working slurry; biopsy sample,38,11.3099,12.0857,0.7758,3003.332,4/27/2021,0.203666667,0.005238745,0.404333333,0.010588253,5/3/2021,0.136,0.001732051,0.043,0.00057735,14.66666667,0.981827212,Did not amplify,12/16/2019,tight,0.77925,0.00205,0.8268,0.0004,0.04755,0.00165,0.8147,0.002,0.0121,0.0016,2019,0.002827193261684,0.0003006660602291,146666.6667,1025.52764752615,0.0846060309016785,7.40355421911397e-05,4.03696627612265e-06,9818.27212,68.6516557343644,0.0111875743341063,,,,,,,,
39,39,FE-POC39,8/29/2019,2,20.0,biopsy sample; working slurry,39,14.2159,14.93,0.7141,2769.489,4/27/2021,0.151333333,0.006119187,0.296666667,0.012467736,5/3/2021,0.104,0.00057735,0.034,0.0,13.5,0.506849634,8a,12/16/2019,tight,0.7808,0.0057,0.82785,0.00535,0.04705,0.00035,0.81755,0.00555,0.0103,0.0002,2019,0.0021423928168698,0.000245532659635,135000.0,974.909089727383,0.0743819527717929,9.00363641090468e-05,0.0,5068.49634,36.602393726785,0.001444309762559,,,,,,,,
40,40,FE-POC40,8/29/2019,1,20.0,,40,9.9746,10.657,0.6824,2649.346,4/30/2021,0.998333333,0.015857,0.489,0.007767453,5/5/2021,0.407,0.012489996,0.123,0.003605551,56.83333333,3.195245837,1a,12/16/2019,tight,0.7863,0.0025,0.83525,0.00255,0.04895,5.00000000000014e-05,0.82265,0.00265,0.0126,9.99999999999994e-05,2019,0.0036914770664156,0.0009285310412456,568333.3333,4290.36700604602,0.0951178139812618,5.86367579017614e-05,2.72184229617423e-05,31952.45837,241.210158054101,0.0007549032855655,,,,,,,,
41,41,FE-POC41,8/29/2019,2,20.0,,41,17.7667,18.598,0.8313,3213.677,4/30/2021,0.38,0.002,0.720666667,0.004176655,5/5/2021,0.485333333,0.002603417,0.146666667,0.000881917,127.5,3.956008089,1a_Pe,12/16/2019,wide,0.789,0.001,0.838,0.0008,0.049,0.0002,0.82495,0.00105,0.01305,0.00025,2019,0.0044849975090838,0.0009127654521596,1275000.0,7934.83601494487,0.0812153803882593,2.59929980517644e-05,5.48852295983697e-06,39560.08089,246.198238902043,0.0015558501990088,,,,,,,,
42,42,FE-POC42,8/29/2019,1,20.0,,42,13.6295,14.502,0.8725,3369.825,4/30/2021,0.682,0.004,0.337,0.002,5/5/2021,0.335666667,0.02067473,0.101666667,0.00617342,41.5,1.355815361,1a_Pe,8/28/2019,wide,0.7876,0.0065,0.8363,0.0071,0.0487,0.0006,0.824,0.0067,0.0123,0.0004,2019,0.0020001038629602,0.0006033943424361,415000.0,2463.0359143279,0.0730008234848991,1.18700525991706e-05,3.66394100583858e-05,13558.15361,80.4679982491673,0.0023740105198341,,,,,,,,
43,43,FE-POC43,8/25/2019,1,15.0,,43,14.1817,14.794,0.6123,2383.667,4/27/2021,0.455333333,0.005206833,0.922333333,0.010713439,5/3/2021,0.488333333,0.001333333,0.144333333,0.000333333,91.83333333,4.707880777,Did not amplify,8/28/2019,wide,0.7712,9.9999999999989e-05,0.8197,0.0004,0.0485,0.0003,0.80625,0.00025,0.01345,0.00015,2019,0.0058040825312428,0.0009082644492708,918333.3333,5778.91123193802,0.0846385002603132,6.74177999695427e-05,2.09760633511308e-06,47078.80777,296.258712542482,0.0009439237947246,,,,,,,,
44,44,FE-POC44,8/29/2019,1,21.0,biopsy sample,44,9.0282,9.517,0.4888,1915.602,4/30/2021,0.436,0.003511885,0.218666667,0.001666667,5/5/2021,0.219666667,0.001763834,0.068,0.00057735,37.72222222,1.35232928,1a_Pm,8/28/2019,wide,0.77135,0.00165,0.8185,0.0024,0.04715,0.00075,0.80575,0.00225,0.01275,0.00015,2019,0.0023971576595764,0.0007454575637319,377222.2222,4135.34056980521,0.139773293199736,1.82710223731234e-05,6.32926359442097e-06,13523.2928,148.250601534139,0.0016443916847027,,,,,,,,
45,45,FE-POC45,8/29/2019,1,20.0,a little clumpy,45,4.8901,5.339,0.4489,1764.381,4/27/2021,0.285333333,0.000666667,0.571666667,0.001333333,5/3/2021,0.252,0.001527525,0.076333333,0.000333333,33.20833333,1.866931108,10,12/16/2019,tight,0.78,9.9999999999989e-05,0.8261,0.0001,0.0461,0.0,0.8153,0.0002,0.0108,0.0001,2019,0.0064800818757399,0.0008652704036146,332083.3333,3764.30411912166,0.122422537989244,1.51138898004456e-05,3.77846961625635e-06,18669.31108,211.62448564114,0.0011335420184189,,,,,,10.0,,
46,46,FE-POC46,8/29/2019,2,25.0,working slurry; biopsy sample,46,9.5443,10.247,0.7027,2726.283,4/30/2021,0.275,0.00057735,0.518,0.00057735,5/5/2021,0.417,0.073505102,0.127,0.021501938,40.5,2.110121887,1a_Pe,12/16/2019,wide,0.7811,0.0061,0.829,0.0056,0.0479,0.0005,0.81685,0.00595,0.01215,0.00035,2019,0.0047500571290654,0.0011645892961222,405000.0,3713.84775535042,0.111415432660512,5.29429630012732e-06,0.0001971726522888,21101.21887,193.498060087673,0.0032094980601793,,,,,,,,
47,47,FE-POC47,8/29/2019,1,20.0,,47,24.0977,25.639,1.5413,5904.577,4/27/2021,0.566,0.002886751,1.15,0.006082763,5/3/2021,0.669,0.006027714,0.195333333,0.001666667,120.6666667,8.159520683,1a_Pe,8/28/2019,tight,0.7786,0.0136,0.8296,0.0132,0.051,0.0004,0.81475,0.01375,0.01485,0.00055,2019,0.0038952832692333,0.0006616336208334,1206666.667,4087.2247647884,0.0502999622157523,2.06035521257492e-05,5.64533920042028e-06,81595.20683,276.379516534377,0.0018629615635463,,,,,,,,
48,48,FE-POC48,8/29/2019,2,20.0,working slurry,48,11.004,11.609,0.605,2356.0,4/27/2021,0.367666667,0.006359595,0.741666667,0.012706079,5/3/2021,0.369666667,0.002027588,0.11,0.00057735,71.25,3.641355475,1a_Pe,12/16/2019,wide,0.78015,0.00065,0.8284,0.0005,0.04825,0.00015,0.8162,0.0007,0.0122,0.0002,2019,0.006295981893039,0.0009337860780984,712500.0,6048.38709677419,0.103565365025467,0.0001078614516129,4.90110356536503e-06,36413.55475,309.113367996604,0.0016977928692699,,,,,,,,
49,49,FE-POC49,8/29/2019,2,20.0,very dilute,49,2.676,2.845,0.169,703.56,4/30/2021,0.068333333,0.000333333,0.118333333,0.000333333,5/5/2021,0.071333333,0.002962731,0.025333333,0.000881917,10.96666667,0.568287068,1a,8/28/2019,wide,0.7805,0.0083,0.82675,0.00855,0.04625,0.00025,0.8152,0.0082,0.01155,0.00035,2019,0.0033638448177838,0.0007201470521348,109666.6667,3117.47872818239,0.328330206378987,9.47560975609756e-06,2.50701290579339e-05,5682.87068,161.546156120302,0.0099494001933026,,,,,,,,
50,50,FE-POC50,8/29/2019,2,30.0,,50,17.956,18.894,0.938,3618.07,4/27/2021,0.238333333,0.005547772,0.476333333,0.011623731,5/3/2021,0.167333333,0.003179797,0.052,0.001154701,82.25,4.659829949,1a_Pm,8/28/2019,wide,0.781,0.0009,0.82885,0.00045,0.04785,0.00045,0.81655,0.00035,0.0123,9.99999999999994e-05,2019,0.0039496195457799,0.0004311691039697,822500.0,6819.93438490687,0.101988076515933,9.63806476933835e-05,9.57444991390437e-06,46598.29949,386.379750723452,0.000829171353788,,,,,,,,
51,51,FE-POC51,8/29/2019,2,20.0,,51,8.485,9.164,0.679,2636.46,4/30/2021,0.276666667,0.000666667,0.520333333,0.001333333,5/5/2021,0.421333333,0.004910307,0.128,0.001154701,34.38888889,1.546953339,1a_Pm,8/28/2019,tight,0.7756,0.0063,0.82285,0.00595,0.04725,0.00035,0.81075,0.00605,0.0121,0.0001,2019,0.0039472120419046,0.0009709989910713,343888.8889,2608.71690751993,0.0917897483747146,1.01145702950168e-05,8.75948051553978e-06,15469.53339,117.350791515896,0.0007585929617745,,,,,,,,
52,52,FE-POC52,8/29/2019,1,20.0,,52,11.19,11.822,0.632,2458.33,4/30/2021,0.263666667,0.000333333,0.495,0.00057735,5/5/2021,0.327333333,0.004409586,0.100333333,0.00120185,42.55555556,1.457955911,1a_Pe,8/28/2019,wide,0.76765,0.00035,0.8147,0.0004,0.04705,0.00075,0.8024,0.0002,0.0123,0.0002,2019,0.004027124104575,0.0008162722905386,425555.5556,3462.15158745978,0.100067932295501,4.69709111469982e-06,9.77777596986572e-06,14579.55911,118.613523082743,0.0016271208503333,,,,,,,,
53,53,FE-POC53,8/29/2019,2,25.0,2 nubs slurried into one tube,53,19.762,20.984,1.222,4694.43,4/30/2021,0.446,0.003605551,0.848,0.006658328,5/5/2021,0.395333333,0.008252946,0.120333333,0.002403701,51.25,2.449876311,1a_Pe,8/28/2019,wide,0.78505,0.00315,0.8328,0.0034,0.04775,0.00025,0.82,0.0032,0.0128,0.0002,2019,0.0045159902267154,0.0006408303723774,512500.0,2729.29833866944,0.0681658902145734,3.5458660582861e-05,1.28008139433328e-05,24498.76311,130.467187230399,0.0010650920346027,,,,,,,,
54,54,FE-POC54,8/29/2019,1,20.0,,54,8.969,9.737,0.768,2973.77,4/30/2021,0.324,0.002081666,0.611333333,0.004096069,5/5/2021,0.267666667,0.002403701,0.082666667,0.000881917,68.5,3.124924242,10,8/28/2019,tight,0.7851,0.0,0.8331,0.0004,0.048,0.0004,0.8205,0.0005,0.0126,9.99999999999994e-05,2019,0.0041115038015717,0.0005559721632809,685000.0,4606.94673764279,0.0847409180938674,2.75479879076055e-05,5.93130605258645e-06,31249.24242,210.165832730843,0.0006725469689989,,,,,,10.0,,
55,55,FE-POC55,8/29/2019,1,25.0,,55,13.664,14.37,0.706,2738.79,4/27/2021,0.458,0.003511885,0.927666667,0.007356025,5/3/2021,0.286,0.006110101,0.086333333,0.001855921,38.0,1.748949264,1a_Pe,12/16/2019,tight,0.7841,0.0045,0.8325,0.0055,0.0484,0.001,0.8192,0.0052,0.0133,0.0003,2019,0.0084678513777982,0.000788060904633,380000.0,3468.6850762563,0.121403977668971,6.71466687843902e-05,1.69410670405544e-05,17489.49264,159.646163451743,0.0027384355865181,,,,,,,,
56,56,FE-POC56,8/29/2019,2,21.0,,56,11.881,12.603,0.722,2799.43,4/30/2021,0.603,0.1085096,1.151666667,0.209686539,5/5/2021,0.462,0.037554405,0.14,0.011015141,40.27777778,1.385748083,3a,12/16/2019,tight,0.77145,0.00195,0.82105,0.00275,0.0496,0.0008,0.81365,0.00325,0.0074,0.0005,2019,0.0086392587087371,0.0010502137935222,402777.7778,3021.44841407001,0.0555113005147477,0.0015729692540981,8.26303786842322e-05,13857.48083,103.952267936687,0.0037507635482937,,,,,,,,
57,57,FE-POC57,8/25/2019,1,15.0,,57,17.884,18.829,0.945,3644.6,4/27/2021,0.517333333,0.002848001,1.049,0.005567764,5/3/2021,0.616666667,0.006385748,0.180333333,0.001763834,86.5,4.55155651,1a_Pe,8/28/2019,wide,0.7751,0.0089,0.8213,0.0099,0.0462,0.001,0.8079,0.0102,0.0134,0.0003,2019,0.0043173462108324,0.0007421939293749,865000.0,3560.06146079131,0.0551500850573451,2.29151237447182e-05,7.25937277067442e-06,45515.5651,187.327409455084,0.0012347033968062,,,,,,,,
58,58,FE-POC58,8/29/2019,1,31.0,,58,12.309,13.431,1.122,4315.43,4/30/2021,0.441,0.003,0.838666667,0.00617342,5/5/2021,0.361666667,0.002027588,0.110666667,0.000881917,31.94444444,1.874270616,Did not amplify,8/28/2019,tight,0.77665,0.00425,0.8255,0.0054,0.04885,0.00115,0.80585,0.00075,0.01965,0.00615,2019,0.0060245831068978,0.0007949767872494,319444.4444,2294.73720495988,0.141156269479519,4.43469179201146e-05,6.33527296236991e-06,18742.70616,134.638701348417,0.0441786797607654,,,,,,,,
59,59,FE-POC59,8/29/2019,1,20.0,,59,12.101,12.887,0.786,3041.99,4/30/2021,0.435,0.001527525,0.827666667,0.002728451,5/5/2021,0.447333333,0.002603417,0.135333333,0.000881917,86.66666667,3.61673998,Did not amplify,8/28/2019,tight,0.77575,0.00135,0.8238,0.0012,0.04805,0.00015,0.8111,0.0013,0.0127,0.0001,2019,0.0054416133320622,0.0008897684279041,866666.6667,5698.02442940312,0.0834979733661189,1.79385928290363e-05,5.79828993520689e-06,36167.3998,237.787762615919,0.0006574643572135,,,,,,,,
60,60,FE-POC60,8/29/2019,2,20.0,,60,8.399,8.919,0.52,2033.85,4/30/2021,0.151333333,0.012387269,0.278666667,0.023779076,5/5/2021,0.356666667,0.002333333,0.109,0.00057735,88.91666667,2.559765417,1a_Pm,8/28/2019,wide,0.7734,0.0022,0.82115,0.00185,0.04775,0.00035,0.8091,0.0021,0.01205,0.00025,2019,0.0027402873073235,0.0010718587899796,889166.6667,8743.67988494727,0.118494480910588,0.0002338331342036,5.67740983848366e-06,25597.65417,251.716244265801,0.0024583917201366,,,,,,,,
61,61,FE-POC01,6/20/2021,3,30.0,"slightly clumpy, homogenized",1,18.3126,19.0935,0.7809,3084.05215,10/3/2022,0.217666667,0.003282953,0.481,0.008736895,10/6/2022,0.374666667,0.001452966,0.105666667,0.000333333,83.41666667,1.994151803,1a_Pe,8/28/2019,wide,0.77455,0.00135,0.8274,0.0027,0.05285,0.00135,0.81155,0.00205,0.01585,0.00065,2021,0.0046789092071611,0.0010278684846493,834166.6667,8114.32452625679,0.154180272211026,8.4987813840956e-05,3.24248408056265e-06,19941.51803,193.980358243942,0.0063228502799474,,,,,,,,
62,62,FE-POC02,6/20/2021,1,21.0,,2,27.6354,28.9098,1.2744,4995.6244,10/3/2022,0.339666667,0.018746852,0.804333333,0.049549078,10/6/2022,0.436666667,0.005783117,0.121333333,0.001452966,134.0,7.243387789,Did not amplify,12/16/2019,wide,0.77575,0.00795,0.82235,0.00805,0.0466,9.99999999999994e-05,0.81195,0.00815,0.0104,0.0001,2021,0.0033811589183926,0.0005100463503621,1340000.0,5632.92948925464,0.0437182587225733,0.0002082884049489,6.1078022599137e-06,72433.87789,304.488751334068,0.0004203678723324,,,,,,,,
63,63,FE-POC03,6/20/2021,3,35.0,"slightly clumpy, homogenized",3,9.1807,9.7528,0.5721,2275.26535,10/3/2022,0.164666667,0.001855921,0.339666667,0.005364492,10/6/2022,0.159,0.001527525,0.051,0.00057735,25.25,0.995005644,8a,8/28/2019,tight,0.7708,0.0012,0.8183,0.0006,0.0475,0.0006,0.80705,0.00065,0.01125,4.99999999999997e-05,2021,0.005225031596864,0.0007845238798191,252500.0,3884.16234616327,0.173056738195393,8.25210211195806e-05,8.88127180418759e-06,9950.05644,153.059938877019,0.0007691410586461,,,,,,,,
64,64,FE-POC04,5/22/2021,3,18.0,,4,9.7575,10.2866,0.5291,2108.70485,10/3/2022,0.328333333,0.004371626,0.774333333,0.011464922,3/3/2023,0.431666667,0.000333333,0.425333333,0.000333333,132.0,8.160882305,1a_Pe,8/28/2019,wide,0.7788,0.0003,0.82645,0.00015,0.04765,0.00015,0.8139,9.9999999999989e-05,0.01255,4.99999999999997e-05,2021,0.00660974436228,0.0036306645730909,1320000.0,11267.5797184229,0.10712736777743,9.7865092879167e-05,2.84534556839474e-06,81608.82305,696.61660563829,0.0004268022620614,,,,,,,,
65,65,FE-POC05,5/22/2021,2,18.5,,5,4.1432,4.327,0.1838,771.1853,10/3/2022,0.152666667,0.002728451,0.307,0.007637626,10/6/2022,0.156,0.012055428,0.050333333,0.002848001,20.4,1.015511875,1a,12/16/2019,tight,0.7782,0.0061,0.82285,0.00715,0.04465,0.00105,0.8133,0.0068,0.00955,0.00035,2021,0.0073646372668151,0.001207448664413,204000.0,4893.76548022894,0.229095393804835,0.0001832193650475,6.8320828340478e-05,10155.11875,243.611615619489,0.0083961662650986,,,,,,,,
66,66,FE-POC06,6/22/2021,1,15.0,,6,4.5001,4.7591,0.259,1062.4725,10/3/2022,0.153666667,0.002905933,0.310333333,0.00811035,10/6/2022,0.152333333,0.002905933,0.049333333,0.000666667,34.16666667,1.574407244,Did not amplify,12/16/2019,tight,0.7779,0.0007,0.82605,0.00055,0.04815,0.00015,0.8134,0.0006,0.01265,4.99999999999997e-05,2021,0.0043812898639729,0.0006964886102934,341666.6667,4823.65425975731,0.178592857697493,0.0001145020224052,9.41201301680749e-06,15744.07244,222.275010976755,0.0007059006233102,,,,,,,,
67,67,FE-POC07,6/20/2021,3,15.0,,7,12.623,13.283,0.66,2615.746,10/3/2022,0.358666667,0.012032364,0.856,0.031942657,10/6/2022,0.419,0.003464102,0.116666667,0.000881917,211.8333333,4.60736126,1a_Pe,8/28/2019,wide,0.77665,0.00205,0.8234,0.0022,0.04675,0.00015,0.8117,0.0023,0.0117,0.0001,2021,0.0049087334932367,0.0006690252054289,2118333.333,12147.5861933842,0.0670936704098945,0.0001831752222884,5.05735457494726e-06,46073.6126,264.209211827142,0.0005734501744435,,,,,,,,
68,68,FE-POC08,6/20/2021,1,33.0,"slightly clumpy, homogenized",8,9.6155,10.2557,0.6402,2539.0507,10/3/2022,0.245666667,0.0259829,0.556,0.068879121,10/6/2022,0.23,0.004725816,0.068666667,0.00120185,44.0,1.983592832,8a,8/28/2019,tight,0.7678,,0.8213,,0.0535,,0.806,,0.0153,,2021,0.0072263228142707,0.0008924595365504,440000.0,5718.67273071782,0.198853847227233,0.0008952207976784,1.56204245941209e-05,19835.92832,257.807232663767,,,,,,,,,
69,69,FE-POC09,6/22/2021,2,12.5,,9,4.3497,4.6581,0.3084,1253.8234,10/3/2022,0.211333333,0.00120185,0.464666667,0.002848001,10/6/2022,0.251333333,0.045856055,0.074333333,0.011836854,40.33333333,2.084803403,8a,8/28/2019,tight,0.778,0.0042,0.8243,0.0042,0.0463,0.0,0.81305,0.00445,0.01125,0.00025,2021,0.0046324971582919,0.0007410666147242,403333.3333,4021.03411553015,0.112156943314346,2.83931632636622e-05,0.0001180075878309,20848.03403,207.844601859401,0.0024923765180965,,,,,,,,
70,70,FE-POC10,6/20/2021,3,14.5,,10,6.517,6.9084,0.3914,1575.3239,10/3/2022,0.274,0.009291573,0.63,0.024826062,10/6/2022,0.346666667,0.003844188,0.098666667,0.00120185,79.5,2.919371041,1a,8/28/2019,wide,0.777,0.0035,0.82315,0.00335,0.04615,0.00015,0.81265,0.00335,0.0105,0.0,2021,0.0057988074706414,0.0009081730249252,795000.0,7317.54276057133,0.0966467911773572,0.0002285104028447,1.10623758072864e-05,29193.71041,268.712231779763,0.0,,,,,,,,
71,71,FE-POC11,6/20/2021,1,23.0,,11,23.6883,24.8772,1.1889,4664.44015,10/3/2022,0.378333333,0.002333333,0.908,0.006027714,10/6/2022,0.543,0.016258331,0.148,0.004163332,160.3333333,8.040176891,1a_Pe,8/28/2019,wide,0.76615,0.00085,0.81425,0.00125,0.0481,0.0004,0.80235,0.00115,0.0119,0.0001,2021,0.0044772790149317,0.0007297767557377,1603333.333,7905.91485218221,0.058677995900537,2.97221997799672e-05,2.05290737839138e-05,80401.76891,396.455013991336,0.0004930924025255,,,,,,,,
72,72,FE-POC12,6/20/2021,1,17.5,,12,8.3968,8.88,0.4832,1930.9112,10/3/2022,0.261333333,0.004096069,0.597333333,0.010898522,10/6/2022,0.395,0.008082904,0.110666667,0.002185813,166.1666667,3.961621441,1a,12/16/2019,wide,0.774,0.0051,0.81945,0.00545,0.04545,0.00035,0.8089,0.0054,0.01055,4.99999999999997e-05,2021,0.0054136789550446,0.0010029807028412,1661666.667,15059.8156313455,0.0956154793653898,9.87741616496916e-05,1.98101950519527e-05,39616.21441,359.044865540684,0.0004531539306416,,,,,,,,
73,73,FE-POC13,6/20/2021,1,15.0,,13,4.0854,4.3585,0.2731,1117.08885,10/3/2022,0.202666667,0.003844188,0.440666667,0.010397649,10/6/2022,0.19,0.001,0.058666667,0.000333333,27.0,0.99090063,1a,12/16/2019,tight,0.7717,,0.8195,,0.0478,,0.8076,,0.0119,,2021,0.0059171658592778,0.0007877618731938,270000.0,3625.49496398608,0.159790333597905,0.0001396171262473,4.47591523270508e-06,9909.0063,133.055749773172,,,,,,,,,
74,74,FE-POC14,6/20/2021,3,15.0,,14,17.0839,17.821,0.7371,2914.39285,10/3/2022,0.625,0.008082904,1.563666667,0.021651277,10/6/2022,0.690333333,0.008743251,0.185333333,0.002185813,161.8333333,3.270236145,Did not amplify,8/28/2019,wide,0.76655,0.00015,0.821,0.0077,0.05445,0.00785,0.80645,0.00575,0.01455,0.00195,2021,0.0080479884532382,0.0009538864998931,1618333.333,8329.35065531745,0.0748869528691027,0.0001114362996738,1.12500945093933e-05,32702.36145,168.314790420241,0.0100363957453437,,,,,,,,
75,75,FE-POC15,6/20/2021,1,17.0,,15,7.608,8.0246,0.4166,1672.9361,10/3/2022,0.223,0.00057735,0.495666667,0.001666667,10/6/2022,0.285666667,0.005547772,0.083333333,0.001452966,74.75,1.498104863,10,8/28/2019,tight,0.77015,0.00435,0.8682,0.0046,0.09805,0.00025,0.8432,0.004,0.025,0.0006,2021,0.0050368530746631,0.0008468145681117,747500.0,7595.92670634581,0.254044371449693,1.69362948172378e-05,1.4764713368311e-05,14981.04863,152.234043314625,0.0060970649147926,,,,,,10.0,,
76,76,FE-POC16,6/22/2021,1,12.0,"slightly clumpy, homogenized",16,5.8322,6.2753,0.4431,1775.58385,10/3/2022,0.296333333,0.008212457,0.690666667,0.02140353,10/6/2022,0.306,0.002309401,0.088,0.00057735,48.55555556,1.299125453,1a_Pm,8/28/2019,tight,0.77945,0.00085,0.82645,0.00045,0.047,0.0004,0.81565,0.00035,0.0108,0.0001,2021,0.0046677604124412,0.0005947339518772,485555.5556,3281.54970952231,0.0729900759122133,0.0001446523406934,3.9019278081404e-06,12991.25453,87.7993198462579,0.0006758340362241,,,,,,,,
77,77,FE-POC17,6/20/2021,2,15.0,,17,6.4095,6.8622,0.4527,1812.76945,10/3/2022,0.244333333,0.001666667,0.552,0.00450925,10/6/2022,0.325333333,0.004910307,0.093,0.001527525,99.83333333,2.845073715,3b,8/28/2019,tight,0.7872,0.006,0.8357,0.0061,0.0485,9.99999999999994e-05,0.8239,0.0063,0.0118,0.0002,2021,0.0045675968336734,0.0007695407708906,998333.3333,8260.84089154305,0.0976406569517155,3.73123840982647e-05,1.26397071618787e-05,28450.73715,235.419378481913,0.0016549263890121,,,,,,,,
78,78,FE-POC18,6/20/2021,1,12.5,,18,6.3285,6.6698,0.3413,1381.26155,10/3/2022,0.325,0.022030282,0.766666667,0.058737646,10/6/2022,0.368,0.001732051,0.104,0.00057735,45.5,2.515105878,1a_Pm,12/16/2019,tight,0.7732,0.0011,0.8212,0.0013,0.048,0.0002,0.81015,0.00155,0.01105,0.00025,2021,0.0069381018660079,0.0009411686005449,455000.0,4117.612627384,0.0999991638078972,0.0005315579623569,5.2248431877366e-06,25151.05878,227.609488405726,0.0022624245205406,,,,,,,,
79,79,FE-POC19,6/22/2021,2,15.0,,19,5.2973,5.606,0.3087,1254.98545,10/3/2022,0.269333333,0.004333333,0.618333333,0.011566234,10/6/2022,0.277666667,0.000881917,0.081,0.0,49.44444444,2.011766405,1a_Pm,12/16/2019,tight,0.7676,,0.8168,,0.0492,,0.8032,,0.0136,,2021,0.0073905239259945,0.0009681387142775,494444.4444,5909.76307016149,0.162551685360177,0.0001382434433801,0.0,20117.66405,240.452955649805,,,,,,,,,
80,80,FE-POC20,5/22/2021,2,37.5,dark,20,28.8919,30.0069,1.115,4378.1885,10/3/2022,0.287666667,0.001333333,0.667333333,0.003179797,3/3/2023,0.503333333,0.00669162,0.497666667,0.006839428,114.8333333,3.198089708,1a,12/16/2019,wide,0.77745,0.01185,0.82685,0.01135,0.0494,0.0005,0.81375,0.01175,0.0131,0.0004,2021,0.0057158342971071,0.0042626077000796,1148333.333,9835.68888993702,0.112203940054203,2.72355535856896e-05,5.85809747570256e-05,31980.89708,273.922340369767,0.0034260745054718,,,,,,,,
81,81,FE-POC21,6/20/2021,2,20.0,,21,9.7786,10.3797,0.6011,2387.59685,10/3/2022,0.363,0.004582576,0.866333333,0.011893042,10/6/2022,0.457,0.0,0.126,0.0,142.6666667,3.48010217,Chimeric sequence,12/16/2019,wide,0.7748,0.0037,0.826,0.003,0.0512,0.0007,0.81135,0.00315,0.01465,0.00015,2021,0.0072569481987715,0.0010554545672147,1426666.667,11950.6495998267,0.122717534997586,9.96235356902904e-05,0.0,34801.0217,291.515057912729,0.0012564935323984,,,,,,,,
82,82,FE-POC22,5/22/2021,1,16.5,,22,8.266,8.7152,0.4492,1799.2122,10/3/2022,0.332666667,0.004666667,0.787,0.012503333,10/6/2022,0.436666667,0.008373238,0.121333333,0.002027588,104.5,5.5782315,1a,12/16/2019,wide,0.77425,0.00215,0.81915,0.00125,0.0449,0.0009,0.80965,0.00125,0.0095,0.0,2021,0.0072173254494383,0.0011127092148997,1045000.0,9583.36098432414,0.0871214634938558,0.0001146640704748,1.85943614655347e-05,55782.315,511.561781039502,0.0,,,,,,,,
83,83,FE-POC23,5/22/2021,1,21.0,,23,6.1311,6.4408,0.3097,1258.85895,10/3/2022,0.108666667,0.011680944,0.19,0.031021498,10/6/2022,0.146,0.00057735,0.048,0.0,42.88888889,1.318270031,1a_Pe,8/28/2019,wide,0.77435,0.00375,0.8204,0.0041,0.04605,0.00035,0.81015,0.00405,0.01025,4.99999999999997e-05,2021,0.0031695369842665,0.0008007251328673,428888.8889,7154.62734478712,0.170988179414382,0.0005174936064123,0.0,13182.70031,219.910822026566,0.0008340886800701,,,,,,,,
84,84,FE-POC24,6/20/2021,3,16.0,,24,8.7634,9.3285,0.5651,2248.15085,10/3/2022,0.443333333,0.004977728,1.081333333,0.012732286,3/3/2023,0.526333333,0.002185813,0.521,0.002516611,138.1666667,2.880007716,3b,8/28/2019,tight,0.77195,0.00085,0.8211,0.0004,0.04915,0.00045,0.8077,0.0004,0.0134,0.0,2021,0.0076958062347106,0.0037079362356845,1381666.667,9833.26660308404,0.095367265946589,9.06151720201516e-05,1.79106201881426e-05,28800.07716,204.969001328358,0.0,,,,,,,,
85,85,FE-POC25,6/20/2021,3,10.0,dilute,25,2.1309,2.2921,0.1612,683.6442,10/10/2022,0.156333333,0.002403701,0.310666667,0.005238745,10/10/2022,0.143,0.00057735,0.043,0.0,37.61111111,1.661047171,1a_Pm,8/28/2019,tight,0.7694,0.0011,0.8147,0.0002,0.0453,0.0009,0.80485,0.00045,0.00985,0.00025,2021,0.0045442741560595,0.0006289821518269,376111.1111,5501.56223222548,0.144080795244076,7.66297000691295e-05,0.0,16610.47171,242.969540442236,0.0036568729757379,,,,,,,,
86,86,FE-POC26,6/20/2021,1,15.0,,26,7.5835,8.1482,0.5647,2246.60145,10/10/2022,0.399,0.006110101,0.873666667,0.014518188,10/10/2022,0.335333333,0.002185813,0.096333333,0.000666667,47.33333333,1.889081113,8a,8/28/2019,tight,0.78585,0.00345,0.83125,0.00325,0.0454,0.0002,0.82155,0.00335,0.0097,0.0001,2021,0.005833255384483,0.0006431937427085,473333.3333,3160.32912713557,0.0647644912719165,9.69343360835096e-05,4.45117001059534e-06,18890.81113,126.129254901887,0.0006676751677517,,,,,,,,
87,87,FE-POC27,5/22/2021,3,22.0,,27,20.4693,21.3074,0.8381,3305.61635,10/10/2022,0.559333333,0.138836034,1.246333333,0.322341606,10/10/2022,0.446333333,0.009386752,0.127333333,0.002728451,71.91666667,2.274557344,1a,12/16/2019,wide,0.77195,0.00255,0.81815,0.00215,0.0462,0.0004,0.8074,0.0023,0.01075,0.00015,2021,0.008294771813432,0.0008474465967594,719166.6667,4786.29852717179,0.0715449026624036,0.0021452929139825,1.81587684850361e-05,22745.57344,151.379519792126,0.0009983009673823,,,,,,,,
88,88,FE-POC29,5/22/2021,2,37.0,dark,29,14.8358,15.9265,1.0907,4284.06245,10/10/2022,0.372333333,0.002185813,0.812,0.00450925,10/10/2022,0.357666667,0.00120185,0.102333333,0.000333333,113.3333333,5.050852513,3b,8/28/2019,tight,0.7752,0.0064,0.825,0.0069,0.0498,0.0005,0.811,0.0067,0.014,0.0002,2021,0.0070129696638759,0.0008838184235619,1133333.333,9788.21709776896,0.120913270066826,3.89448687892026e-05,2.8788845036561e-06,50508.52513,436.225067122913,0.001727332429526,,,,,,,,
89,89,FE-POC30,6/20/2021,1,17.0,,30,8.7511,9.1508,0.3997,1607.47395,10/10/2022,0.222666667,0.000666667,0.465666667,0.001666667,10/10/2022,0.247333333,0.005333333,0.071666667,0.001666667,53.91666667,2.595037027,1a_Pe,8/28/2019,wide,0.7814,0.0057,0.8284,0.0047,0.047,0.001,0.81605,0.00475,0.01235,4.99999999999997e-05,2021,0.0049247039673644,0.0007579179363995,539166.6667,5702.01049534893,0.13060864843253,1.76260019641376e-05,1.76260019641376e-05,25950.37027,274.440711521328,0.0005287799531681,,,,,,,,
90,90,FE-POC31,6/20/2021,3,17.0,,31,20.9412,21.9308,0.9896,3892.4516,10/10/2022,0.552333333,0.006887993,1.23,0.016093477,10/10/2022,0.803666667,0.010728985,0.226666667,0.002962731,173.5,4.129164564,1a,12/16/2019,wide,0.77135,0.00085,0.8185,0.0008,0.04715,4.9999999999998e-05,0.80705,0.00015,0.01145,0.00065,2021,0.0053719357743587,0.0009899502254568,1735000.0,7577.48664106703,0.0500070444035836,7.02870933578211e-05,1.29395127225217e-05,41291.64564,180.338266988342,0.0028388278482383,,,,,,,,
91,91,FE-POC32,6/20/2021,1,48.0,"slightly clumpy, homogenized",32,17.9977,18.8405,0.8428,3323.8218,10/10/2022,0.248333333,0.000881917,0.524,0.002081666,10/10/2022,0.295666667,0.003929942,0.085333333,0.00120185,60.91666667,3.196727335,1a_Pm,12/16/2019,wide,0.77415,0.00465,0.8258,0.0049,0.05165,0.00025,0.81025,0.00465,0.01555,0.00025,2021,0.0075671926816293,0.0012323163606424,609166.6667,8797.10217966559,0.224560775189572,3.00617704595355e-05,1.73561651229317e-05,31967.27335,461.646024705657,0.0036103018519223,,,,,,,,
92,92,FE-POC33,6/22/2021,3,34.0,,33,14.9732,15.9661,0.9929,3905.23415,10/10/2022,0.281333333,0.011666667,0.601,0.027646579,10/10/2022,0.286666667,0.003527668,0.082666667,0.000881917,45.33333333,1.636990703,8a,8/28/2019,tight,0.77975,0.00355,0.82665,0.00365,0.0469,9.99999999999994e-05,0.81555,0.00335,0.0111,0.0003,2021,0.0052324647422229,0.0007197178376615,453333.3333,3946.83973871323,0.0966395318447166,0.0002406984190691,7.6782023428736e-06,16369.90703,142.520734389255,0.0026118792390464,,,,,,,,
93,93,FE-POC34,5/22/2021,3,30.0,,34,,,,,10/10/2022,0.343,0.00321455,0.744,0.007571878,10/10/2022,0.888666667,0.027509594,0.250666667,0.007535103,31.66666667,1.340666111,1a_Pe,8/28/2019,wide,0.76445,0.00185,0.81535,0.00225,0.0509,0.0004,0.8007,0.0023,0.01465,4.99999999999997e-05,2021,,,316666.6667,,,,,13406.66111,,,,,,,,,,
94,94,FE-POC35,6/22/2021,2,13.0,,35,6.2679,6.6938,0.4259,1708.95965,10/10/2022,0.388,0.00057735,0.849,0.001154701,10/10/2022,0.363,0.008736895,0.104333333,0.002403701,51.41666667,2.748162839,1a_Pm,8/28/2019,tight,0.7754,0.0019,0.82505,0.00175,0.04965,0.00015,0.81195,0.00185,0.0131,0.0001,2021,0.006458315150975,0.0007936602417734,514166.6667,3911.24896781501,0.099651270291841,8.78377263032512e-06,1.82848746604403e-05,27481.62839,209.051845706246,0.000760696719785,,,,,,,,
95,95,FE-POC36,6/20/2021,2,39.0,"somewhat clumpy, homogenized",36,8.7457,9.4999,0.7542,2980.6297,10/10/2022,0.308,0.001732051,0.663,0.003464102,10/10/2022,0.234,0.007505553,0.068333333,0.002333333,39.22222222,1.307483627,1a_Pm,12/16/2019,tight,0.7886,,0.8355,,0.0469,,0.8239,,0.0116,,2021,0.0086750125317479,0.0008941063651751,392222.2222,5132.02517769987,0.151780008096947,4.53259853110905e-05,3.05304570373166e-05,13074.83627,171.077478873005,,,,,,,,,
96,96,FE-POC37,6/20/2021,2,25.0,,37,11.804,12.6104,0.8064,3182.8264,10/10/2022,0.398333333,0.002728451,0.872666667,0.005897269,3/3/2023,0.551666667,0.001763834,0.545666667,0.001763834,154.5,4.185291706,1a,12/16/2019,wide,0.76685,0.00765,0.81565,0.00765,0.0488,0.0,0.80245,0.00795,0.0132,0.0003,2021,0.0068544946953437,0.0042860228490627,1545000.0,12135.4403746305,0.103681432326941,4.63210073285807e-05,1.3854305720224e-05,41852.91706,328.740180897079,0.0023563961892486,,,,,,,,
97,97,FE-POC38,6/20/2021,3,37.0,"slightly clumpy, homogenized",38,16.633,17.7692,1.1362,4460.3067,10/10/2022,0.371,0.001527525,0.808666667,0.004255715,10/10/2022,0.318333333,0.003333333,0.091666667,0.000666667,43.05555556,2.042797362,Did not amplify,12/16/2019,tight,0.77925,0.00205,0.8268,0.0004,0.04755,0.00165,0.8147,0.002,0.0121,0.0016,2021,0.0067082083568378,0.000760411089892,430555.5556,3571.6278338438,0.100374263500759,3.53028313053001e-05,5.53026521696367e-06,20427.97362,169.458083216564,0.0132726298843979,,,,,,,,
98,98,FE-POC39,6/20/2021,2,12.0,,39,3.8618,4.0181,0.1563,664.66405,10/10/2022,0.246333333,0.001666667,0.520333333,0.003666667,10/10/2022,0.203333333,0.002185813,0.06,0.00057735,42.11111111,1.328148962,8a,12/16/2019,tight,0.7808,0.0057,0.82785,0.00535,0.04705,0.00035,0.81755,0.00555,0.0103,0.0002,2021,0.0093942195248862,0.0010832540138134,421111.1111,7602.83835600857,0.185958605704641,6.61988624177884e-05,1.04236117479199e-05,13281.48962,239.787115671443,0.0036108467127114,,,,,,,,
99,99,FE-POC40,6/20/2021,1,19.0,,40,3.9369,4.1692,0.2323,959.05005,10/10/2022,0.183,0.001,0.373,0.002081666,10/10/2022,0.147666667,0.001452966,0.044333333,0.000333333,23.53333333,0.709108771,1a,12/16/2019,tight,0.7863,0.0025,0.83525,0.00255,0.04895,5.00000000000014e-05,0.82265,0.00265,0.0126,9.99999999999994e-05,2021,0.0073896039106613,0.0008782996539127,235333.3333,4662.25233260767,0.249622008778374,4.12404482956859e-05,6.60375024223188e-06,7091.08771,140.483457031257,0.0019811270537966,,,,,,,,
100,100,FE-POC41,6/20/2021,2,25.5,,41,8.7121,9.1704,0.4583,1834.46105,10/10/2022,0.264666667,0.003382964,0.561666667,0.00788106,10/10/2022,0.326666667,0.002603417,0.094,0.00057735,75.33333333,3.317386095,1a_Pe,12/16/2019,wide,0.789,0.001,0.838,0.0008,0.049,0.0002,0.82495,0.00105,0.01305,0.00025,2021,0.0078074702150258,0.0013066508007896,753333.3333,10471.7404597661,0.181402052662824,0.0001095509931922,8.02547701953116e-06,33173.86095,461.134595485143,0.0034751351084832,,,,,,,,
101,101,FE-POC42,6/20/2021,3,26.5,"broad tip, pale end",42,17.8837,18.787,0.9033,3558.16855,10/10/2022,0.191333333,0.003844188,0.391666667,0.009207485,10/10/2022,0.193,0.002516611,0.056666667,0.000666667,76.5,2.650042881,1a_Pe,8/28/2019,wide,0.7876,0.0065,0.8363,0.0071,0.0487,0.0006,0.824,0.0067,0.0123,0.0004,2021,0.0029169969127797,0.0004220335980149,765000.0,5697.45353968687,0.0916061157361419,6.85741411828284e-05,4.96510360646069e-06,26500.42881,197.365963302947,0.002979060674346,,,,,,,,
102,102,FE-POC43,5/22/2021,2,20.0,small clumps,43,7.6922,8.0522,0.36,1453.696,10/10/2022,0.330666667,0.01172367,0.715333333,0.026958816,10/10/2022,0.387,0.002645751,0.110666667,0.000881917,71.875,2.865532616,Did not amplify,8/28/2019,wide,0.7712,9.9999999999989e-05,0.8197,0.0004,0.0485,0.0003,0.80625,0.00025,0.01345,0.00015,2021,0.0098415808119441,0.0015225558438628,718750.0,9888.58743506208,0.185045566610901,0.0003709003257902,1.21334446816941e-05,28655.32616,394.240971427314,0.002063705203839,,,,,,,,
103,103,FE-POC44,6/20/2021,1,16.0,,44,10.1601,10.6499,0.4898,1956.4763,10/10/2022,0.344333333,0.001452966,0.746333333,0.003179797,10/10/2022,0.432666667,0.003711843,0.123666667,0.00120185,76.75,3.812111878,1a_Pm,8/28/2019,wide,0.77135,0.00165,0.8185,0.0024,0.04715,0.00075,0.80575,0.00225,0.01275,0.00015,2021,0.0061034898955842,0.0010113420091007,767500.0,6276.59021476519,0.104269088258314,2.60042771793351e-05,9.82869048809843e-06,38121.11878,311.753278319804,0.0012266951559801,,,,,,,,
104,104,FE-POC45,6/20/2021,2,18.0,,45,6.2596,6.7054,0.4458,1786.0423,10/10/2022,0.207,0.00057735,0.428666667,0.001452966,10/10/2022,0.212,0.002645751,0.062,0.00057735,50.6,2.577928293,10,12/16/2019,tight,0.78,9.9999999999989e-05,0.8261,0.0001,0.0461,0.0,0.8153,0.0002,0.0108,0.0001,2021,0.0043201664406268,0.0006248452234305,506000.0,5099.54327509488,0.108844006662104,1.4643207498501e-05,5.81861918947832e-06,25779.28293,259.807448423814,0.0010078148765009,,,,,,10.0,,
105,105,FE-POC46,6/22/2021,3,15.0,,46,10.5987,11.1294,0.5307,2114.90245,10/10/2022,0.366666667,0.002848001,0.798333333,0.006227181,10/10/2022,0.444666667,0.004910307,0.127,0.001154701,95.75,3.954523685,1a_Pe,12/16/2019,wide,0.7811,0.0061,0.829,0.0056,0.0479,0.0005,0.81685,0.00595,0.01215,0.00035,2021,0.0056621996891629,0.0009007507651239,957500.0,6791.09336697775,0.0861741873720937,4.41664413410652e-05,8.18974652944395e-06,39545.23685,280.475609052323,0.002482383998373,,,,,,,,
106,106,FE-POC47,6/20/2021,2,14.5,,47,10.6762,11.1153,0.4391,1760.08985,10/10/2022,0.417,0.002,0.916,0.00450925,10/10/2022,0.508333333,0.002403701,0.144666667,0.000666667,199.8333333,5.612261108,1a_Pe,8/28/2019,tight,0.7786,0.0136,0.8296,0.0132,0.051,0.0004,0.81475,0.01375,0.01485,0.00055,2021,0.0075462056667163,0.0011917952208519,1998333.333,16462.7012243153,0.122337504531374,3.71481745662018e-05,5.49214660831093e-06,56122.61108,462.350180963773,0.0045310186863471,,,,,,,,
107,107,FE-POC48,6/20/2021,1,12.5,very dilute,48,6.304,6.689,0.385,1550.5335,10/10/2022,0.276666667,0.000666667,0.591,0.001527525,10/10/2022,0.320666667,0.005487359,0.092333333,0.001452966,70.25,3.468745734,1a_Pe,12/16/2019,wide,0.78015,0.00065,0.8284,0.0005,0.04825,0.00015,0.8162,0.0007,0.0122,0.0002,2021,0.0047644891258395,0.000744367446753,702500.0,5663.37328409867,0.0983532442220694,1.23145114246161e-05,1.17134360528167e-05,34687.45734,279.641308459314,0.0016123482659355,,,,,,,,
108,108,FE-POC50,6/20/2021,2,16.0,,50,16.8027,17.5636,0.7609,3006.58215,10/10/2022,0.465,0.003,1.026666667,0.006839428,10/10/2022,0.525333333,0.007838651,0.149333333,0.002333333,104.75,4.017245023,1a_Pm,8/28/2019,wide,0.781,0.0009,0.82885,0.00045,0.04785,0.00045,0.81655,0.00035,0.0123,9.99999999999994e-05,2021,0.0054635682154901,0.0007947008293121,1047500.0,5574.43607519588,0.0654563854175746,3.63970922929879e-05,1.2417198711833e-05,40172.45023,213.784015075058,0.0005321657351022,,,,,,,,
109,109,FE-POC51,6/20/2021,2,14.0,"slightly clumpy, homogenized",51,2.7543,2.9654,0.2111,876.93185,10/13/2022,0.236333333,0.003844188,0.475666667,0.008685876,10/13/2022,0.192,0.005291503,0.051333333,0.001452966,37.29411765,1.459665317,1a_Pm,8/28/2019,tight,0.7756,0.0063,0.82285,0.00595,0.04725,0.00035,0.81075,0.00605,0.0121,0.0001,2021,0.0075939006411957,0.000819523959587,372941.1765,5953.91360343452,0.193173506014179,0.0001386678611342,2.31962426726775e-05,14596.65317,233.031956109246,0.0015964752563155,,,,,,,,
110,110,FE-POC52,5/22/2021,1,20.5,small clumps,52,9.9205,10.4083,0.4878,1948.7293,10/13/2022,0.411333333,0.006437736,0.865,0.014189198,10/13/2022,0.408333333,0.014745998,0.113666667,0.004333333,45.52941176,2.262412896,1a_Pe,8/28/2019,wide,0.76765,0.00035,0.8147,0.0004,0.04705,0.00075,0.8024,0.0002,0.0123,0.0002,2021,0.0090995193637207,0.0011957364593943,455294.1176,4789.54640380272,0.12939200944944,0.0001492657594874,4.55852572750869e-05,22624.12896,237.99849659981,0.002103935112999,,,,,,,,
111,111,FE-POC53,6/20/2021,3,15.0,,53,10.9061,11.5333,0.6272,2488.6952,10/13/2022,0.403,0.001527525,0.846,0.00305505,10/13/2022,0.414333333,0.00983757,0.115333333,0.002603417,125.75,4.214198583,1a_Pe,8/28/2019,wide,0.78505,0.00315,0.8328,0.0034,0.04775,0.00025,0.82,0.0032,0.0128,0.0002,2021,0.005099057530227,0.0006951433807563,1257500.0,7579.27286555622,0.0771488609774311,1.8413564666336e-05,1.56914575155688e-05,42141.98583,254.000484852464,0.0012054509527723,,,,,,,,
112,112,FE-POC54,6/20/2021,2,15.0,,54,8.7967,9.576,0.7793,3077.85455,10/13/2022,0.494666667,0.003282953,1.05,0.007211103,10/13/2022,0.472,0.00057735,0.131666667,0.000333333,134.5833333,4.802868987,10,8/28/2019,tight,0.7851,0.0,0.8331,0.0004,0.048,0.0004,0.8205,0.0005,0.0126,9.99999999999994e-05,2021,0.0051172008761752,0.0006416807464147,1345833.333,6558.95191506044,0.0614064105141031,3.51434881807524e-05,1.6245065901506e-06,48028.68987,234.069003699346,0.0004873524643976,,,,,,10.0,,
113,113,FE-POC55,6/20/2021,2,44.0,,55,18.417,19.4429,1.0259,4033.05965,10/13/2022,0.197,0.002081666,0.389,0.004725816,10/13/2022,0.161333333,0.000881917,0.042666667,0.000333333,41.23529412,1.705375178,1a_Pe,12/16/2019,tight,0.7841,0.0045,0.8325,0.0055,0.0484,0.001,0.8192,0.0052,0.0133,0.0003,2021,0.0042439243367005,0.0004654861348257,412352.9412,4498.7009832101,0.1451007549566,5.1557854841051e-05,3.63660676330438e-06,17053.75178,186.05355324214,0.0032729493599233,,,,,,,,
114,114,FE-POC56,6/20/2021,3,26.0,,56,6.5008,6.9302,0.4294,1722.5169,10/13/2022,0.312,0.001527525,0.644,0.00305505,10/13/2022,0.288666667,0.003382964,0.079,0.001,53.76923077,2.514455251,3a,12/16/2019,tight,0.77145,0.00195,0.82105,0.00275,0.0496,0.0008,0.81365,0.00325,0.0074,0.0005,2021,0.0097206593444743,0.0011924411307662,537692.3077,8116.03067592544,0.111697017312283,4.61135098297149e-05,1.50941915286869e-05,25144.55251,379.536691489065,0.0075470957643434,,,,,,,,
115,115,FE-POC57,6/20/2021,2,17.0,,57,11.8792,12.3472,0.468,1872.034,10/13/2022,0.424,0.010016653,0.892666667,0.021697414,10/13/2022,0.488,0.007767453,0.136,0.002081666,136.9166667,10.46817568,1a_Pe,8/28/2019,wide,0.7751,0.0089,0.8213,0.0099,0.0462,0.001,0.8079,0.0102,0.0134,0.0003,2021,0.0081063342540787,0.0012350203041184,1369166.667,12433.4458343171,0.121685824082255,0.0001970349032122,1.89036748264187e-05,104681.7568,950.618346461656,0.0027243094943788,,,,,,,,
116,116,FE-POC58,6/20/2021,1,15.0,,58,3.8977,4.1415,0.2438,1003.5953,10/13/2022,0.209666667,0.001333333,0.416666667,0.002848001,10/13/2022,0.165666667,0.002962731,0.043666667,0.000881917,52.4,1.830300522,Did not amplify,8/28/2019,tight,0.77665,0.00425,0.8255,0.0054,0.04885,0.00115,0.80585,0.00075,0.01965,0.00615,2021,0.0062276098792013,0.0006526535198002,524000.0,7831.84217781809,0.293694081668178,4.25669739585269e-05,1.31813640418603e-05,18303.00522,273.561542486299,0.0919195217434757,,,,,,,,
117,117,FE-POC59,6/20/2021,3,23.0,,59,14.9659,16.169,1.2031,4719.44385,10/13/2022,0.519333333,0.005044249,1.104333333,0.011289129,10/13/2022,0.464,0.003464102,0.129,0.001154701,63.08333333,2.840343378,Did not amplify,8/28/2019,tight,0.77575,0.00135,0.8238,0.0012,0.04805,0.00015,0.8111,0.0013,0.0127,0.0001,2021,0.0053819194520134,0.000628675770769,630833.3333,3074.33823286191,0.0618928859594335,5.50170688014436e-05,5.62738404017668e-06,28403.43378,138.422873055265,0.0004873455587356,,,,,,,,
118,118,FE-POC60,6/20/2021,1,15.0,,60,5.4218,5.7486,0.3268,1325.0958,10/13/2022,0.322,0.00305505,0.666,0.006557439,10/13/2022,0.374666667,0.004255715,0.103666667,0.00120185,52.23076923,2.307051193,1a_Pm,8/28/2019,wide,0.7734,0.0022,0.82115,0.00185,0.04775,0.00035,0.8091,0.0021,0.01205,0.00025,2021,0.0075390775519777,0.0011735000631652,522307.6923,5912.4897871535,0.136405231983982,7.42297915365817e-05,1.36048653991659e-05,23070.51193,261.156724630778,0.0028299840660577,,,,,,,,
