"","X","coral_id","slurry_date","nub","slurry_rep","slurry_volume","slurry_notes","dry_weight","dip_weight","wax_weight","surface_area","wax_dipping_notes","protein_analysis_date","protein_sample_notes","protein_absorbance","protein_absorbance_se","protein_mg_ml","protein_se","carb_analysis_date","carb_sample_notes","carb_absorbance","carb_absorbance_se","carb_mg_ml","carb_se","avg_num_Zoox_cells","num_Zoox_cells_se","haplotype","dna_collection_date","branch_width","burned_pan","burned_pan_se","burned_pan_dry_res","burned_pan_dry_res_se","dry_tissue","dry_tissue_se","burned_pan_burned_res","burned_pan_burned_res_se","afdw_g_ml","afdw_se","protein_mg_cm2","carb_mg_cm2","zooxDensity","zoox_cells_cm2","afdw_mg_cm2","protein_mg_cm2_se","carb_mg_cm2_se","zooxDensity_se","zoox_cells_cm2_se","afdw_mg_cm2_se"
"1",1,"HAU-POC01","8/4/2019",1,1,17,"",22.331,24.06,1.729,6615.96,"","11/3/2020","",0.328333333,0.004176655,0.162,0.002516611,"11/19/2020","",0.606666667,0.007423686,0.195333333,0.002185813,NA,NA,"1a_Pm","7/4/2019","tight",0.7765,0.006,0.8274,0.006,0.0509,0,0.81305,0.00605,0.01435,5e-05,0.000416266120109553,0.000501917584296157,NA,NA,0.0368729557010623,6.46654257280878e-06,5.61654257280878e-06,NA,NA,0.000128477197564677
"2",2,"HAU-POC02","8/4/2019",2,2,13,"used for AFDW",20.732,22.355,1.623,6214.22,"",NA,NA,NA,NA,NA,NA,NA,NA,NA,NA,NA,NA,32.66666667,1.64892518,"8a","7/4/2019","tight",0.78595,0.00165,0.8529,0.0203,0.06695,0.01865,0.8231,0.0024,0.0298,0.0179,NA,NA,326666.6667,683.378874114531,0.0623408891220459,NA,NA,16489.2518,34.495121415077,0.0374463729961282
"3",3,"HAU-POC03","8/4/2019",2,1,25,"",22.738,24.449,1.711,6547.74,"","11/2/2020","pellet",0.397666667,0.000881917,0.828,0.002081666,"11/18/2020","",0.386666667,0.001333333,0.114666667,0.000333333,141.5,3.603239283,"1a_Pe","7/4/2019","wide",0.7848,0.0061,0.83245,0.00595,0.04765,0.00015,0.82085,0.00605,0.0116,1e-04,0.00316139614584574,0.000437810095544417,1415000,5402.62747146344,0.0442900909321384,7.94803245089145e-06,1.27270248971401e-06,36032.39283,137.575685770968,0.000381811128725331
"4",4,"HAU-POC04","8/4/2019",1,1,22,"",39.695,42.043,2.348,8961.97,"","11/3/2020","pellet",0.458666667,0.005456902,1.572,0.020108042,"11/19/2020","",0.775333333,0.006765928,0.247666667,0.001855921,108.3333333,1.994436707,"1a_Pm","7/5/2019","wide",0.77375,0.00085,0.8245,0.0012,0.05075,0.00035,0.80965,0.00105,0.01485,0.00015,0.00385897297134447,0.000607976446473264,1083333.333,2659.38552862819,0.0364540385651815,4.93615716187401e-05,4.55594718571921e-06,19944.36707,48.9597795507015,0.000368222611769511
"5",5,"HAU-POC05","8/4/2019",2,2,15,"used for AFDW",5.982,6.505,0.523,2045.22,"","11/1/2020","smear",0.251,0.002516611,0.448666667,0.006227181,"11/16/2020","",0.172666667,0.001763834,0.053333333,0.000333333,16.36666667,0.772342806,"1a_Pm","7/5/2019","tight",0.77985,0.00705,0.82155,0.00375,0.0417,0.0033,0.8146,0.0068,0.00695,0.00305,0.00329059954674803,0.000391155961216886,163666.6667,1200.35986373104,0.0509725115146537,4.56712309678176e-05,2.4447223281603e-06,7723.42806,56.644967729633,0.0223692316718984
"6",6,"HAU-POC06","8/4/2019",2,1,21,"",22.352,24.562,2.21,8438.95,"","11/2/2020","pellet",0.423,0.004041452,0.876666667,0.009279607,"11/17/2020","",0.466333333,0.000666667,0.137666667,0.000333333,66.58333333,1.802600534,"1a_Pe","7/5/2019","wide",0.78205,0.00675,0.8302,0.0066,0.04815,0.00015,0.81885,0.00685,0.01135,0.00025,0.00218155102317231,0.000342578165174577,665833.3333,1656.90044369264,0.0282440350991533,2.30919423624977e-05,8.29486251251637e-07,18026.00534,44.8570156405714,0.000622115310554038
"7",7,"HAU-POC07","8/4/2019",2,1,20,"",16.528,17.793,1.265,4857.4,"","11/3/2020","smear",0.424666667,0.009333333,1.445333333,0.034953938,"11/19/2020","",0.59,0.0090185,0.19,0.003,102.9166667,4.697611149,"3b","7/7/2019","wide",0.78185,0.00635,0.8312,0.0067,0.04935,0.00035,0.81875,0.00665,0.01245,5e-05,0.00595105749166221,0.000782311524683987,1029166.667,4237.52076007741,0.0512619920121876,0.000143920360686787,1.23522872318524e-05,46976.11149,193.420807386668,0.000205871453864207
"8",8,"HAU-POC08","8/4/2019",1,1,21,"",19.939,21.446,1.507,5774.58,"","11/3/2020","",0.575,0.002,1.232,0.00450925,"11/17/2020","",0.626666667,0.018906201,0.181333333,0.005364492,108,5.615454864,"1a_Pe","7/7/2019","tight",0.7831,0.0042,0.83325,0.00405,0.05015,0.00015,0.82035,0.00435,0.0129,3e-04,0.00448032584187941,0.000659441897592552,1080000,3927.5583678813,0.0469125027274711,1.6398465342934e-05,1.95086624481781e-05,56154.54864,204.213210560768,0.00109098843552258
"9",9,"HAU-POC10","8/4/2019",1,1,28,"",32.071,34.378,2.307,8806.58,"","11/2/2020","pellet/smear",0.615333333,0.001855921,1.319666667,0.004255715,"11/17/2020","",0.587,0.005686241,0.170333333,0.001763834,68.91666667,3.061140442,"1a_Pm","7/8/2019","tight",0.7817,0.0134,0.83145,0.01285,0.04975,0.00055,0.81805,0.01335,0.0134,5e-04,0.0041958020793543,0.000541564753173195,689166.6667,2191.16463685108,0.0426045070844755,1.3530794019926e-05,5.60800583200289e-06,30611.40442,97.3271489908682,0.00158972041359983
"10",10,"HAU-POC11","8/4/2019",2,2,33,"used for AFDW",47.642,51.432,3.79,14427.15,"","10/28/2020","smear",0.727333333,0.017638342,1.901666667,0.050775103,NA,NA,NA,NA,NA,NA,88.83333333,3.815902398,"3f","7/8/2019","tight",0.7887,0.0098,0.8376,0.0099,0.0489,1e-04,0.82405,0.00985,0.01355,5e-05,0.00434978495482476,NA,888333.3333,2031.93284875391,0.0309936473939759,0.000116140637547956,NA,38159.02398,87.2831980910991,0.000114367702560797
"11",11,"HAU-POC12","8/4/2019",2,1,21,"",33.794,35.613,1.819,6957.06,"","11/2/2020","smear",0.444,0.003511885,0.944,0.008082904,"11/18/2020","",0.449333333,0.004702245,0.132666667,0.001333333,70.58333333,3.635803303,"1a_Pe","7/8/2019","wide",0.78085,0.00125,0.8307,0.003,0.04985,0.00175,0.81795,0.00205,0.01275,0.00095,0.00284947952152202,0.000400456515683349,705833.3333,2130.5695220826,0.038486084639201,2.43983786254539e-05,4.02468758354822e-06,36358.03303,109.747320510388,0.00286759062017576
"12",12,"HAU-POC13","8/4/2019",1,1,25,"",41.797,44.459,2.662,10152.03,"","11/1/2020","pellet",0.685666667,0.00617342,1.467333333,0.014621141,"11/16/2020","slow sulfuric addition, but seemed to react well based on high OD values",0.871,0.00450925,0.249666667,0.001333333,135.5,6.596716355,"1a_Pe","7/8/2019","wide",0.7697,4e-04,0.8217,1e-04,0.052,5e-04,0.80675,5e-05,0.01495,0.00015,0.0036133988300862,0.000614819565643522,1355000,3336.77106943143,0.0368152970391143,3.60054614692825e-05,3.2834147456223e-06,65967.16355,162.448208757263,0.000369384251228572
"13",13,"HAU-POC14","8/4/2019",2,1,29,"",35.862,38.015,2.153,8222.92,"","10/28/2020","smear",0.366,0.003,0.874,0.009,"11/19/2020","moderately clumpy, possible discard",0.516,0.007,0.149,0.002,81.08333333,3.658651708,"Did not amplify","7/9/2019","wide",0.7855,0.0104,0.8323,0.0102,0.0468,2e-04,0.82095,0.01045,0.01135,0.00025,0.00308236003755357,0.000525482432031444,810833.3333,2859.58840238018,0.0400283597554154,3.17405495857919e-05,7.05345546350931e-06,36586.51708,129.030684394351,0.000881681932938664
"14",14,"HAU-POC15","8/4/2019",2,1,22,"",20.095,21.379,1.284,4929.41,"","11/2/2020","pellet",0.772333333,0.005897269,1.768666667,0.015387585,"11/18/2020","",1.242666667,0.028262657,0.361333333,0.008293237,222.8333333,11.18754268,"3b","7/9/2019","tight",0.7817,0.0059,0.83025,0.00565,0.04855,0.00025,0.8179,0.0058,0.01235,0.00015,0.0078935748241676,0.00161263382960638,2228333.333,9945.07118012095,0.0551181581568585,6.86749266139356e-05,3.70127893601871e-05,111875.4268,499.301009573154,0.000669451313646055
"15",15,"HAU-POC16","8/4/2019",2,1,20,"clumpy, still used for AFDW",18.003,18.892,0.889,3432.36,"","11/2/2020","smear",0.349666667,0.003711843,0.708333333,0.008950481,"11/17/2020","",0.432,0.002309401,0.128,0.00057735,33.38888889,2.089717886,"8a","7/9/2019","tight",0.77645,0.00895,0.82265,0.01075,0.0462,0.0018,0.81095,0.01015,0.0117,6e-04,0.0041273836835297,0.000745842510692352,333888.8889,1945.53536866762,0.0681746669929728,5.21535095386265e-05,3.36415760584554e-06,20897.17886,121.765658963512,0.0034961367688704
"16",16,"HAU-POC17","8/4/2019",2,1,18,"",19.915,21.447,1.532,5869.33,"","11/2/2020","pellet",0.671666667,0.012251984,1.449,0.028213472,"11/17/2020","",0.8,0.016772994,0.229333333,0.004630815,155.5,2.404856198,"1a_Pe","7/10/2019","wide",0.7771,0.0043,0.8284,0.0042,0.0513,1e-04,0.8135,0.0043,0.0149,1e-04,0.00444377808029196,0.000703317072647133,1555000,4768.85777422636,0.0456951645247413,8.65247815338378e-05,1.42017351213852e-05,24048.56198,73.7518789435932,0.000306678956541888
"17",17,"HAU-POC18","8/4/2019",1,1,24,"",26.917,28.572,1.655,6335.5,"",NA,NA,NA,NA,NA,NA,"11/19/2020","somewhat clumpy, maybe discard",0.704333333,0.006119187,0.225666667,0.002027588,NA,NA,"1a_Pe","7/10/2019","wide",0.78255,0.00325,0.8311,0.0042,0.04855,0.00095,0.8173,0.0039,0.0138,3e-04,NA,0.000854865442032989,NA,NA,0.0522768526556704,NA,7.68086370452214e-06,NA,NA,0.00113645331860153
"18",18,"HAU-POC19","8/4/2019",1,1,25,"",16.322,17.499,1.177,4523.88,"","11/2/2020","pellet",0.523,0.006557439,1.107666667,0.015059143,"11/17/2020","",0.494666667,0.004910307,0.145,0.001154701,73.25,1.919299904,"1a_Pm","7/13/2019","tight",0.77445,0.00525,0.8228,0.0052,0.04835,5e-05,0.8106,0.0054,0.0122,2e-04,0.00612122042914489,0.000801303306011654,732500,4047.96325278301,0.0674200022989116,8.32202832524293e-05,6.38114295693078e-06,19192.99904,106.064921262279,0.00110524593932642
"19",19,"HAU-POC20","8/4/2019",1,1,23,"",41.689,44.774,3.085,11755.2,"","11/3/2020","pellet/smear",0.513,0.005507571,1.776333333,0.020827332,"11/19/2020","",0.876666667,0.004807402,0.279,0.001527525,119.1666667,8.549528902,"1a_Pe","7/13/2019","wide",0.77305,0.00175,0.82605,0.00175,0.053,0,0.8101,0.0018,0.01595,5e-05,0.00347553990225602,0.000545886075949367,1191666.667,2331.59226053151,0.0312074656322308,4.07503603511637e-05,2.98872626582278e-06,85495.28902,167.278451022526,9.78290458690622e-05
"20",20,"HAU-POC21","8/4/2019",1,1,21,"",12.629,13.489,0.86,3322.45,"","11/2/2020","smear",0.379666667,0.004666667,0.782333333,0.011406626,"11/18/2020","",0.387666667,0.004702245,0.115333333,0.001333333,62.25,2.355280978,"1a_Pm","7/13/2019","tight",0.77095,0.00025,0.8174,7e-04,0.04645,0.00045,0.80655,0.00055,0.01085,0.00015,0.00494484491655254,0.000728980117985222,622500,3934.59645743352,0.0685789101416124,7.20971409652515e-05,8.42751373233608e-06,23552.80978,148.868758109227,0.000948095531911692
"21",21,"HAU-POC22","8/16/2019",1,1,20,"",23.512,25.366,1.854,7089.71,"","11/3/2020","",0.907,0.024879711,0.504333333,0.014847372,"11/19/2020","Diluted 8x",0.871,0.01942507,0.399666667,0.008838049,160.1666667,8.068112818,"3b","7/29/2019","tight",0.77335,0.01535,0.8426,0.0025,0.06925,0.01285,0.82385,0.00205,0.01875,0.00045,0.00142271921700606,0.00112745561384034,1601666.667,4518.28542211177,0.0528935598212057,4.18842858170503e-05,2.49320465858265e-05,80681.12818,227.600644257664,0.00126944543570894
"22",22,"HAU-POC23","8/16/2019",2,1,15,"",14.546,15.424,0.878,3390.67,"","11/3/2020","",0.456333333,0.002666667,0.952,0.006027714,"11/19/2020","",0.474666667,0.005897269,0.154333333,0.001763834,76.16666667,3.603099115,"1a_Pe","7/29/2019","tight",0.7826,0.0015,0.8321,0.0014,0.0495,1e-04,0.81895,0.00135,0.01315,5e-05,0.00421155700790699,0.000682755914022892,761666.6667,3369.54053343439,0.0581743431239254,2.666603060752e-05,7.8030330288704e-06,36030.99115,159.397661008001,0.000221195221003518
"23",23,"HAU-POC24","8/16/2019",2,1,15.5,"mismatch with dipped nub number, check nub",16.588,17.424,0.836,3231.49,"","11/1/2020","smear",0.482666667,0.004630815,0.991666667,0.010137938,"11/16/2020","",0.527,0.007505553,0.153,0.002,69.5,3.385575462,"1a_Pe","7/29/2019","wide",0.76085,0.00365,0.80855,0.00445,0.0477,8e-04,0.79625,0.00365,0.0123,8e-04,0.00475657772064899,0.000733871990939164,695000,3333.60152746875,0.0589975522127563,4.86271159743648e-05,9.59309792077339e-06,33855.75462,162.390784625668,0.00383723916830936
"24",24,"HAU-POC25","8/16/2019",1,1,35,"",29.995,32.074,2.079,7942.46,"","11/3/2020","",0.484333333,0.008666667,0.254666667,0.005487359,"11/18/2020","",0.561,0.003605551,0.164666667,0.000881917,105.5,4.136863107,"1a_Pe","7/29/2019","wide",0.7694,0.0084,0.8194,0.0085,0.05,1e-04,0.80575,0.00825,0.01365,0.00025,0.00112223836758385,0.0007256358036427,1055000,4649.06338842122,0.0601513888644072,2.41811183185059e-05,3.88633937092538e-06,41368.63107,182.298946101082,0.00110167378872541
"25",25,"HAU-POC26","8/16/2019",2,1,14.5,"nub not recorded; used wax dip data",19.467,20.563,1.096,4216.89,"","11/1/2020","pellet/smear",1.044666667,0.002027588,2.309333333,0.004630815,"11/16/2020","",0.967,0.004163332,0.276666667,0.00120185,122.5,4.440345332,"1a_Pm","7/30/2019","tight",0.768,0.006,0.8248,0.0077,0.0568,0.0017,0.80575,0.00635,0.01905,0.00135,0.00794076519152741,0.000951333013547899,1225000,4212.22749467024,0.0655044357334434,1.59233030740664e-05,4.13262499140362e-06,44403.45332,152.683630149233,0.00464204662677945
"26",26,"HAU-POC27","8/16/2019",1,1,16,"nub not recorded; used wax dip data",14.134,14.935,0.801,3098.84,"","11/2/2020","pellet/smear",0.626333333,0.011976829,1.345333333,0.027479285,NA,NA,NA,NA,NA,NA,68.91666667,3.107806235,"10","7/30/2019","tight",0.778,0.0024,0.82975,0.00235,0.05175,5e-05,0.81485,0.00255,0.0149,2e-04,0.00694625515612294,NA,689166.6667,3558.32074815092,0.0769320132694815,0.000141881658943347,NA,31078.06235,160.462946651005,0.00103264447341586
"27",27,"HAU-POC28","8/16/2019",1,1,19,"nub not recorded; used wax dip data",11.251,11.957,0.706,2738.79,"","11/3/2020","smear",0.324333333,0.002728451,0.640666667,0.006984109,"11/19/2020","",0.297,0.00450925,0.086333333,0.001333333,47.61111111,1.80257421,"1a_Pm","7/30/2019","tight",0.77485,0.00585,0.8258,0.0087,0.05095,0.00285,0.8139,0.0089,0.0119,2e-04,0.00444454181335553,0.000598926287521132,476111.1111,3302.95901142475,0.0825547048149,4.84513493184947e-05,9.24982455756009e-06,18025.7421,125.05124522143,0.00138747403050252
"28",28,"HAU-POC29","8/16/2019",1,1,15,"nub not recorded; used wax dip data",24.7075,26.1749,1.4674,5624.496,"Weighed in December","11/2/2020","pellet/smear",0.601666667,0.01219745,1.34,0.030746273,"11/18/2020","",0.806666667,0.008192137,0.235666667,0.002333333,150.3333333,7.365082786,"1a_Pe","7/30/2019","wide",0.77815,0.00105,0.83135,0.00035,0.0532,7e-04,0.81485,0.00085,0.0165,5e-04,0.00357365353268986,0.00062850075900134,1503333.333,4009.24811663125,0.0440039427532707,8.19974083011171e-05,6.22277889432226e-06,73650.82786,196.41980684136,0.00133345281070517
"29",29,"HAU-POC30","8/16/2019",2,1,17,"nub not recorded; used wax dip data",4.825,5.377,0.552,2155.13,"","11/2/2020","smear",0.256,0.001154701,0.471666667,0.002603417,"11/18/2020","",0.265666667,0.000333333,0.08,0,30.94444444,1.322189267,"1a_Pm","7/31/2019","tight",0.7667,NA,0.8138,NA,0.0471,NA,0.8024,NA,0.0114,NA,0.00372057989030824,0.000631052419111608,309444.4444,2440.94581524084,0.0899249697234042,2.05361574475786e-05,0,13221.89267,104.296341932969,NA
"30",30,"HAU-POC31","8/16/2019",2,1,18,"nub not recorded; used wax dip data",11.784,12.81,1.026,3951.59,"","10/28/2020","",0.340333333,0.003929942,0.8,0.011372481,"11/19/2020","",0.423333333,0.005811865,0.122,0.001732051,54.41666667,2.323980172,"1a_Pe","7/31/2019","wide",0.75535,5e-05,0.8039,3e-04,0.04855,0.00025,0.79185,0.00015,0.01205,0.00045,0.00364410275357514,0.000555725669920209,544166.6667,2478.7490606566,0.0548892977257256,5.18031116588513e-05,7.88971477304072e-06,23239.80172,105.86028180049,0.00204980779888602
"31",31,"HAU-POC32","8/16/2019",2,1,24,"",7.434,7.987,0.553,2158.92,"","11/2/2020","smear",0.354333333,0.005206833,0.719,0.012165525,"11/17/2020","",0.318666667,0.004096069,0.096666667,0.000881917,38.88888889,1.592237889,"3f","7/31/2019","tight",0.77015,0.00195,0.8185,0.0017,0.04835,0.00025,0.807,0.0015,0.0115,2e-04,0.00799288533155467,0.00107461138346951,388888.8889,4323.14922905897,0.127841698627091,0.00013524012006003,9.80397976766161e-06,15922.37889,177.003822911456,0.00222333388916681
"32",32,"HAU-POC33","8/16/2019",2,1,20.5,"nub not recorded; used wax dip data",26.416,27.802,1.386,5315.99,"","11/1/2020","pellet",0.612666667,0.015814902,1.295666667,0.036607528,"11/16/2020","",0.640333333,0.008293237,0.184666667,0.002403701,126.5,5.852349955,"1a_Pe","7/31/2019","wide",0.77425,0.00865,0.8256,0.0089,0.05135,0.00025,0.8111,0.0087,0.0145,2e-04,0.00499646663622392,0.000712128253345097,1265000,4878.2070696145,0.0559162075173204,0.000141169250506491,9.26936854659245e-06,58523.49955,225.683596239835,0.000771258034721661
"33",33,"HAU-POC34","8/16/2019",1,1,20,"nub not recorded; used wax dip data",17.179,18.828,1.649,6312.76,"","11/3/2020","",0.722666667,0.013445363,1.581333333,0.031466031,"11/19/2020","",0.801666667,0.007838651,0.255666667,0.002333333,127.6666667,4.379243973,"10","12/16/2019","tight",0.7621,NA,0.8156,NA,0.0535,NA,0.7999,NA,0.0157,NA,0.00500995866467282,0.000809999641994944,1276666.667,4044.71789518372,0.0497405255387501,9.96902495897199e-05,7.3924337373827e-06,43792.43973,138.742609349952,NA
"34",34,"HAU-POC35","8/16/2019",2,1,19.5,"",26.239,27.848,1.609,6161.16,"","11/1/2020","pellet",0.730666667,0.009243616,1.573,0.022233608,"11/16/2020","",0.760666667,0.010365541,0.218666667,0.002728451,88.25,3.898572,"1a_Pe","12/16/2019","wide",0.77055,0.00455,0.82345,0.00485,0.0529,3e-04,0.80775,0.00455,0.0157,3e-04,0.00497852677093275,0.000692077466986736,882500,2793.1022729486,0.0496903180569893,7.03691116607911e-05,8.63551579572678e-06,38985.72,123.389352005142,0.00094949652338196
"35",35,"HAU-POC36","8/16/2019",1,1,15,"",7.164,7.664,0.5,1958.05,"",NA,NA,NA,NA,NA,NA,"11/19/2020","",0.346666667,0.004666667,0.114666667,0.001452966,42.33333333,1.481917147,"1a_Pe","12/16/2019","wide",0.7776,0.0102,0.82555,0.01045,0.04795,0.00025,0.8138,0.0101,0.01175,0.00035,NA,0.000878424966165318,423333.3333,3243.02239447409,0.0900130231607977,NA,1.11307116774342e-05,14819.17147,113.524972319399,0.00268123898776844
"36",36,"HAU-POC37","8/16/2019",1,1,20.5,"",37.738,40.042,2.304,8795.21,"","11/2/2020","pellet",0.57,0.012342339,1.26,0.030369941,"11/18/2020","",0.626,0.007637626,0.183333333,0.002185813,106.8333333,2.212339134,"1a_Pe","12/16/2019","wide",0.7794,0.0077,0.835,0.0082,0.0556,5e-04,0.81655,0.00815,0.01845,5e-05,0.00293682584042905,0.000427315928386019,1068333.333,2490.08645916357,0.043003521234854,7.07866884929411e-05,5.09472388948075e-06,22123.39134,51.5655137819336,0.000116540707953534
"37",37,"HAU-POC38","8/16/2019",2,1,18,"nub not recorded; used wax dip data",11.87,13.083,1.213,4660.32,"","11/3/2020","pellet/smear",0.384333333,0.007446103,1.292666667,0.028108915,"11/19/2020","somewhat clumpy, maybe discard",0.561666667,0.003711843,0.181666667,0.00120185,55.27777778,2.292080078,"10","12/16/2019","tight",0.7814,8e-04,0.8307,0.0011,0.0493,3e-04,0.8178,6e-04,0.0129,5e-04,0.00499279019595221,0.000701668556236482,552777.7778,2135.04652049645,0.0498249047275724,0.000108567752858173,4.64202029045216e-06,22920.80078,88.5292027242764,0.00193119785765784
"38",38,"MAT-POC01","8/4/2019",1,1,25,"",48.096,51.214,3.118,11880.27,"","11/2/2020","pellet",0.536333333,0.009207485,1.175666667,0.022578259,"11/18/2020","",0.585,0.006806859,0.172,0.002081666,42.72222222,1.654476114,"1a_Pm","7/14/2019","tight",0.7768,0.0022,0.8258,0.0023,0.049,1e-04,0.81205,0.00255,0.01375,0.00025,0.00247398978937347,0.000361944635938409,427222.2222,899.016230691727,0.0289345275822856,4.75120914760355e-05,4.38051071229863e-06,16544.76114,34.8156252761932,0.00052608231967792
"39",39,"MAT-POC02","8/4/2019",1,1,20,"",30.036,35.519,5.483,20843.62,"","11/2/2020","pellet",0.555,0.005507571,1.181333333,0.013042665,"11/19/2020","",0.668,0.007234178,0.191666667,0.002027588,107.25,4.922313142,"1a_Pe","7/14/2019","wide",0.77685,0.00335,0.8264,0.0028,0.04955,0.00055,0.8126,0.0032,0.0138,4e-04,0.00113352031269041,0.000183909193316708,1072500,1029.09187559551,0.0132414618957743,1.25147791026703e-05,1.94552385813981e-06,49223.13142,47.2308854412045,0.00038381048973259
"40",40,"MAT-POC03","8/4/2019",1,1,12,"",12.378,13.273,0.895,3455.1,"","11/1/2020","pellet",0.642666667,0.011464922,1.365666667,0.026772706,"11/16/2020","",0.543333333,0.007838651,0.157666667,0.002185813,100.5,5.43292432,"3b","7/14/2019","tight",0.78145,0.00115,0.83,0.0013,0.04855,0.00015,0.8172,0.0013,0.0128,0,0.00474313334027959,0.000547596308066337,1005000,3490.49231570722,0.0444560215333854,9.29849995658592e-05,7.59160545280889e-06,54329.2432,188.692344186854,0
"41",41,"MAT-POC04","8/13/2019",2,1,21,"clumpy, working",18.271,19.545,1.274,4891.51,"",NA,NA,NA,NA,NA,NA,NA,NA,NA,NA,NA,NA,45.58333333,2.709294701,"1a_Pm","7/14/2019","tight",0.7753,0.0052,0.8217,0.0051,0.0464,1e-04,0.811,0.0055,0.0107,4e-04,NA,NA,455833.3333,1956.96216491431,0.0459367352821521,NA,NA,27092.94701,116.314162131939,0.00171726113204307
"42",42,"MAT-POC05","8/13/2019",2,1,17.5,"",13.526,14.588,1.062,4088.03,"","11/3/2020","pellet/smear",0.440333333,0.00617342,0.914333333,0.014712051,NA,NA,NA,NA,NA,NA,63.33333333,2.924124664,"No sample","7/15/2019","wide",0.7738,0.0044,0.82285,0.00465,0.04905,0.00025,0.8104,0.0045,0.01245,0.00015,0.00391406944848741,NA,633333.3333,2711.16731842721,0.0532958417624137,6.29792082005269e-05,NA,29241.24664,125.175650912542,0.000642118575450767
"43",43,"MAT-POC06","8/13/2019",1,1,22.5,"",29.073,30.543,1.47,5634.35,"","11/1/2020","pellet/smear",0.416,0.002886751,0.836,0.006928203,"11/16/2020","",0.369666667,0.005897269,0.108666667,0.001855921,84.91666667,2.916666667,"1a_Pe","7/15/2019","wide",0.7716,0.0052,0.8188,0.0062,0.0472,0.001,0.80695,0.00615,0.01185,5e-05,0.00333845075297062,0.000433945354388705,849166.6667,3391.0300213423,0.0473213414147151,2.76668235910087e-05,7.41136466495691e-06,29166.66667,116.473062567111,0.000199668107235085
"44",44,"MAT-POC07","8/13/2019",1,1,21,"",9.43,9.967,0.537,2098.28,"","11/3/2020","smear",0.212333333,0.001452966,0.648333333,0.005238745,"11/19/2020","",0.233,0,0.079,0,21.83333333,0.898380834,"Did not amplify","7/15/2019","tight",0.77065,0.00155,0.8158,0.002,0.04515,0.00045,0.8054,0.0016,0.0104,4e-04,0.00648864784156547,0.00079064757801628,218333.3333,2185.12305283375,0.104085250776827,5.2430392988543e-05,0,8983.80834,89.9117253846007,0.0040032788760318
"45",45,"MAT-POC08","8/13/2019",2,1,22.5,"",12.449,13.263,0.814,3148.11,"","11/2/2020","pellet/smear",0.369333333,0.005783117,0.753333333,0.012875472,"11/17/2020","",0.340333333,0.001855921,0.102666667,0.000666667,39.77777778,2.22809681,"1a_Pm","7/15/2019","tight",0.77425,0.00755,0.82045,0.00755,0.0462,0,0.80945,0.00775,0.011,2e-04,0.00538418288830441,0.00073377359987421,397777.7778,2842.97562680465,0.0786185997312673,9.20228708653764e-05,4.76476600245862e-06,22280.9681,159.245319334458,0.00142942908602304
"46",46,"MAT-POC09","8/13/2019",1,1,18,"",44.918,46.883,1.965,7510.4,"","11/3/2020","pellet/smear",0.716666667,0.131728677,1.567666667,0.311312455,"11/19/2020","",0.785333333,0.005044249,0.225333333,0.001452966,72.5,2.506053278,"1a_Pe","7/16/2019","wide",0.7886,0.0048,0.8361,0.0049,0.0475,1e-04,0.8226,0.005,0.0135,1e-04,0.0037571900306242,0.000540051128302088,725000,1737.59054111632,0.0323551342138901,0.000746115278813379,3.48228962505326e-06,25060.53278,60.0619927087772,0.00023966766084363
"47",47,"MAT-POC11","8/13/2019",2,1,20,"",17.015,18.058,1.043,4016.02,"","11/2/2020","pellet/smear",0.4555,0.0055,0.952,0.013,"11/17/2020","",0.393666667,0.000881917,0.117333333,0.000333333,51,2.537596095,"1a_Pm","7/16/2019","tight",0.779,0.0076,0.8269,0.0077,0.0479,1e-04,0.81485,0.00775,0.01205,5e-05,0.00474101224595495,0.000584326437617343,510000,2539.82798890444,0.0600096613064676,6.47407134426621e-05,1.6600166333833e-06,25375.96095,126.373678168933,0.000249002744010239
"48",48,"MAT-POC12","8/13/2019",2,1,23,"",36.056,37.863,1.807,6911.58,"~2.5 cm2 brown at base","11/1/2020","smear",0.897,0.023860707,1.962333333,0.056131789,"11/16/2020","",0.923333333,0.009938701,0.264333333,0.002728451,72.25,3.382497284,"1a_Pm","7/16/2019","tight",0.7801,0.0026,0.83235,0.00215,0.05225,0.00045,0.8172,0.0023,0.01515,0.00015,0.00653015181174203,0.000879634853246291,722500,2404.29829358844,0.0504153898240344,0.000186792476828742,9.0795987314044e-06,33824.97284,112.561002740329,0.000499162275485489
"49",49,"MAT-POC13","8/13/2019",1,1,18,"",26.048,27.753,1.705,6525,"","11/3/2020","",0.594666667,0.002333333,1.279333333,0.005607535,"11/16/2020","",0.893,0.003605551,0.256,0.001,164.5,9.858160748,"1a_Pe","7/18/2019","wide",0.7723,0.0051,0.8234,0.0044,0.0511,7e-04,0.8095,0.0043,0.0139,1e-04,0.00352919540137931,0.000706206896551724,1645000,4537.93103448276,0.0383448275862069,1.54690620689655e-05,2.75862068965517e-06,98581.60748,271.949262013793,0.000275862068965517
"50",50,"MAT-POC14","8/13/2019",1,1,15.5,"",34.929,37.045,2.116,8082.69,"Dropped in wax, likely overestimated","11/3/2020","",0.686333333,0.010728985,1.495666667,0.02596365,"11/19/2020","",0.784,0.028536526,0.250333333,0.008838049,67.58333333,2.684010831,"1a_Pe","7/18/2019","wide",0.7669,0.001,0.81865,0.00145,0.05175,0.00045,0.80395,0.00145,0.0147,0,0.00286820765592891,0.000480058824661097,675833.3333,1296.0309830205,0.0281898724310842,4.97899307037632e-05,1.69485356360321e-05,26840.10831,51.4706958704342,0
"51",51,"MAT-POC15","8/13/2019",2,1,20,"",16.662,17.789,1.127,4334.38,"",NA,NA,NA,NA,NA,NA,"11/18/2020","",0.425666667,0.004841946,0.126,0.001527525,36.38888889,1.430615044,"1a_Pm","7/18/2019","tight",0.77095,0.00165,0.81905,0.00145,0.0481,2e-04,0.80715,0.00135,0.0119,1e-04,NA,0.000581398031552379,363888.8889,1679.08161674795,0.054909814091058,NA,7.04841292180196e-06,14306.15044,66.012442102446,0.000461427009168555
"52",52,"MAT-POC16","8/13/2019",2,1,15.5,"",18.616,19.605,0.989,3811.36,"","11/2/2020","pellet",0.438666667,0.002185813,0.930333333,0.005897269,"11/18/2020","",0.478333333,0.006887993,0.141333333,0.001855921,70.58333333,2.416666667,"1a_Pe","7/18/2019","wide",0.77245,0.00455,0.8212,0.0053,0.04875,0.00075,0.8082,0.0046,0.013,7e-04,0.00378347011604781,0.000574772958077956,705833.3333,2870.47580552611,0.0528682674950674,2.39829534601822e-05,7.54764060597792e-06,24166.66667,98.2807536902838,0.00284675286511901
"53",53,"MAT-POC17","8/13/2019",1,1,20,"",22.432,24.435,2.003,7654.42,"","11/3/2020","pellet",0.445,0.00321455,1.521,0.01266228,"11/19/2020","",0.721333333,0.008743251,0.230666667,0.002848001,147.5,6.596716355,"3h","7/19/2019","tight",0.77225,0.00105,0.82035,0.00115,0.0481,1e-04,0.80765,0.00105,0.0127,1e-04,0.00397417439858278,0.000602701882049848,1475000,3853.98240493728,0.0331834417238667,3.30848842890774e-05,7.44145474118222e-06,65967.16355,172.363584830725,0.000261286942707612
"54",54,"MAT-POC18","8/13/2019",2,1,15.5,"",38.721,40.43,1.709,6540.16,"","11/2/2020","pellet",0.613333333,0.004666667,1.369333333,0.011680944,"11/18/2020","",0.770333333,0.010333333,0.225333333,0.002962731,80.33333333,3.728134909,"Did not amplify","7/19/2019","wide",0.7616,0.0098,0.8133,0.0093,0.0517,5e-04,0.79825,0.00995,0.01505,0.00065,0.00324528247955707,0.000534033825089906,803333.3333,1903.87798863483,0.0356680876308836,2.76835172228202e-05,7.02159129134455e-06,37281.34909,88.3557758365239,0.00154048219003816
"55",55,"MAT-POC19","8/13/2019",1,1,21,"",15.095,16.432,1.337,5130.28,"","11/1/2020","pellet/smear",0.728,0.002,1.567,0.004,"11/16/2020","",0.599,0.006806859,0.173,0.002081666,47.05555556,2.021893603,"10","7/19/2019","tight",0.7699,0.0041,0.8215,0.0041,0.0516,0,0.80705,0.00385,0.01445,0.00025,0.0064142697864444,0.000708148483123728,470555.5556,1926.14568163921,0.0591488183880802,1.63733753323405e-05,8.520974683643e-06,20218.93603,82.7630571099433,0.00102333595827128
"56",56,"MAT-POC20","8/13/2019",2,1,17,"",30.088,31.6702,1.5822,6059.588,"","11/2/2020","pellet/smear",0.638666667,0.007535103,1.432333333,0.018675593,"11/18/2020","",0.836666667,0.015070206,0.244333333,0.004484541,162.8333333,11.39127346,"1a_Pe","7/19/2019","wide",0.7689,0.0022,0.82085,0.00205,0.05195,0.00015,0.80635,0.00255,0.0145,5e-04,0.00401837000485842,0.000685470144339846,1628333.333,4568.24237241872,0.0406793333144102,5.23938394821562e-05,1.25812509035268e-05,113912.7346,319.578903417196,0.00140273563153138
"57",57,"MAT-POC21","8/13/2019",1,1,22,"",25.134,26.436,1.302,4997.63,"","11/3/2020","",0.528666667,0.01034945,1.123333333,0.024209732,"11/19/2020","",0.494666667,0.005925463,0.160333333,0.001855921,47.38888889,1.845572141,"1a_Pm","7/19/2019","tight",0.7853,0.0045,0.8332,0.0052,0.0479,7e-04,0.8216,0.0047,0.0116,5e-04,0.00494501060022451,0.000705801214975899,473888.8889,2086.09992252328,0.0510642044329012,0.00010657333656153,8.16992494442366e-06,18455.72141,81.2436837100786,0.0022010432945216
"58",58,"MAT-POC22","8/13/2019",2,1,21,"",22.438,23.3664,0.9284,3581.686,"","11/3/2020","pellet",0.326,0.001,1.074666667,0.003844188,"11/19/2020","",0.466666667,0.009683893,0.151666667,0.003179797,52.33333333,1.997473151,"1a_Pe","8/4/2019","wide",0.77095,0.00135,0.8178,0.0011,0.04685,0.00025,0.80545,0.00125,0.01235,0.00015,0.00630094318904561,0.000889246016261615,523333.3333,3068.38734587566,0.0724100325935886,2.25390913664682e-05,1.86436602761939e-05,19974.73151,117.115057464557,0.000879474080084072
"59",59,"MAT-POC23","8/13/2019",2,1,15,"",18.354,19.4576,1.1036,4245.694,"","10/28/2020","",0.6845,0.0125,1.781,0.036,"11/19/2020","",0.676666667,0.01669664,0.194333333,0.004666667,82.75,3.393677276,"Did not amplify","8/4/2019","tight",0.77715,0.00505,0.8263,0.0047,0.04915,0.00035,0.81275,0.00485,0.01355,0.00015,0.00629225752020753,0.000686577976415634,827500,2923.55030767644,0.0478720322284178,0.000127187687101331,1.64872939500586e-05,33936.77276,119.898323195218,0.000529948696255547
"60",60,"MAT-POC26","8/13/2019",2,1,27.5,"clumpy",24.027,25.7426,1.7156,6565.174,"","11/3/2020","pellet/smear",0.483666667,0.005206833,1.666333333,0.020275875,"11/19/2020","",0.861666667,0.01283658,0.274333333,0.004176655,77.91666667,2.496841439,"Did not amplify","8/5/2019","tight",0.7727,0.0053,0.8192,0.0067,0.0465,0.0014,0.80705,0.00665,0.01215,5e-05,0.00697988608641599,0.00114911907247241,779166.6667,3263.74949609104,0.0508935482898092,8.49309648914103e-05,1.7495044685792e-05,24968.41439,104.586930327361,0.000209438470328433
"61",61,"MAT-POC27","8/13/2019",2,1,18,"",5.201,5.5594,0.3584,1421.386,"","11/2/2020","smear",0.260666667,0.006839428,0.504,0.015524175,"11/17/2020","",0.182333333,0.003756476,0.059,0.001154701,26.04166667,1.120428177,"1a_Pm","8/5/2019","tight",0.77645,0.00105,0.82155,0.00125,0.0451,2e-04,0.81155,0.00105,0.01,2e-04,0.00638250271214153,0.000747158055587996,260416.6667,3297.83746329287,0.126636958574237,0.00019659343063742,1.4622782270263e-05,11204.28177,141.887616636157,0.00253273917148473
"62",62,"MAT-POC28","8/13/2019",2,1,27.5,"",47.675,50.3808,2.7058,10318.032,"","11/2/2020","pellet",0.718,0.009643651,1.555666667,0.022452419,"11/17/2020","",0.898666667,0.005364492,0.256333333,0.001452966,129.1666667,3.145543585,"1a_Pe","8/5/2019","wide",0.7852,NA,0.8356,NA,0.0504,NA,0.8222,NA,0.0134,NA,0.00414622026201314,0.000683189067207778,1291666.667,3442.59771073592,0.0357141749511922,5.98410164360801e-05,3.87249865090552e-06,31455.43585,83.8361894860376,NA
"63",63,"MAT-POC29","8/13/2019",1,1,15.5,"",13.862,14.6837,0.8217,3177.293,"","10/28/2020","",0.315333333,0.006119187,0.729666667,0.017169094,"11/19/2020","",0.363666667,0.006009252,0.105333333,0.001763834,52.08333333,2.800049603,"1a_Pe","8/5/2019","wide",0.7766,0.0032,0.8225,0.0032,0.0459,0,0.81175,0.00315,0.01075,5e-05,0.00355958148603229,0.000513854611929086,520833.3333,2540.81592920451,0.0524424407821375,8.3757134453763e-05,8.60462884600193e-06,28000.49603,136.596684178954,0.000243918329219244
"64",64,"MAT-POC30","8/13/2019",2,1,15,"",9.972,10.564,0.592,2306.73,"","11/2/2020","smear",0.519,0.004041452,1.098333333,0.008950481,"11/17/2020","",0.52,0.011372481,0.152,0.00305505,80.16666667,2.673759507,"3b","8/6/2019","tight",0.7711,5e-04,0.81915,5e-05,0.04805,0.00045,0.80705,0.00085,0.0121,8e-04,0.00714214493893954,0.000988412167874003,801666.6667,5213.00715753469,0.0786828107320753,5.82023968995071e-05,1.98661091675229e-05,26737.59507,173.866870439973,0.00520216930460002
"65",65,"MAT-POC31","8/13/2019",2,1,19,"",13.472,14.4704,0.9984,3846.986,"","11/1/2020","pellet/smear",0.551,0.008,1.152,0.019,"11/16/2020","",0.451666667,0.003711843,0.132,0.001,45,1.634993154,"1a_Pm","8/6/2019","tight",0.77695,0.00175,0.82545,0.00265,0.0485,9e-04,0.8131,0.0023,0.01235,0.00035,0.00568964898754505,0.000651938946489538,450000,2222.51913575979,0.0609958029480742,9.3839696843191e-05,4.93893141279953e-06,16349.93154,80.7511904800277,0.00172862599447983
"66",66,"MAT-POC33","8/13/2019",2,1,20,"",15.712,16.7262,1.0142,3906.868,"","10/28/2020","",0.307333333,0.008373238,0.706,0.023965253,"11/19/2020","",0.4,0.002516611,0.115333333,0.000666667,52.72222222,1.84498181,"1a_Pe","8/6/2019","wide",0.77145,0.00075,0.8178,0.001,0.04635,0.00025,0.80685,0.00095,0.01095,5e-05,0.00361414821283954,0.000590413256859459,527222.2222,2698.95078205867,0.0560551316297351,0.000122682685977617,3.41279510851147e-06,18449.8181,94.4481262228465,0.000255959505158608
"67",67,"MAT-POC34","8/13/2019",2,1,15,"",21.077,22.5109,1.4339,5497.531,"","11/3/2020","smear",0.477,0.005507571,1.641,0.020808652,"11/19/2020","",0.716,0.005507571,0.229333333,0.001666667,79,2.8123106,"Did not amplify","8/7/2019","tight",0.6082,0.008,0.65815,0.00745,0.04995,0.00055,0.64375,0.00775,0.0144,3e-04,0.00447746451998179,0.000625735442874265,790000,2155.51308396442,0.0392903650747945,5.67763565134967e-05,4.54749686723003e-06,28123.106,76.7338265123016,0.000818549272391552
"68",68,"MAT-POC35","8/13/2019",1,1,15.5,"",13.947,15.0732,1.1262,4331.348,"","11/3/2020","pellet/smear",0.301,0.004725816,0.980333333,0.018205616,"11/19/2020","",0.410666667,0.007535103,0.134666667,0.002403701,40.72222222,2.032104347,"Did not amplify","8/7/2019","tight",0.60825,0.01255,0.65655,0.01255,0.0483,0,0.64405,0.01265,0.0125,1e-04,0.00350818420997343,0.000481913099224537,407222.2222,1457.27021797833,0.044732032614327,6.51499366940731e-05,8.60179452216723e-06,20321.04347,72.7201263405757,0.000357856260914616
"69",69,"MAT-POC36","8/13/2019",1,1,52.5,"",37.025,39.6538,2.6288,10026.202,"","11/2/2020","pellet",0.426333333,0.005238745,0.9,0.013114877,"11/18/2020","",0.448666667,0.003282953,0.132666667,0.00120185,52.75,1.98526771,"No sample","8/7/2019","tight",0.60735,0.00405,0.65495,0.00385,0.0476,2e-04,0.64265,0.00395,0.0123,1e-04,0.00471265190946682,0.000694679801733498,527500,2762.13764693749,0.0644062427627131,6.86731668183027e-05,6.29322299710299e-06,19852.6771,103.954174048159,0.000523627989940757
"70",70,"MAT-POC37","8/13/2019",2,1,15,"",23.321,24.5059,1.1849,4553.821,"","11/3/2020","",0.547333333,0.005238745,1.167,0.012220202,"11/18/2020","",0.758666667,0.002728451,0.221666667,0.000666667,88.66666667,2.508571166,"1a_Pe","8/7/2019","wide",0.6148,7e-04,0.664,6e-04,0.0492,1e-04,0.65065,0.00035,0.01335,0.00025,0.00384402461141973,0.000730156061250541,886666.6667,2920.62424072005,0.0439740604648272,4.02525769019028e-05,2.19595917362584e-06,25085.71166,82.6307566546863,0.000823484278367551
"71",71,"MAT-POC38","8/13/2019",1,1,20,"",30.795,32.9563,2.1613,8254.377,"","11/2/2020","pellet",0.901666667,0.002333333,1.978666667,0.005547772,"11/17/2020","lots of tissue in spin-down",1.032,0.022052967,0.293,0.006110101,101.1666667,2.386303511,"Did not amplify","8/7/2019","wide",0.59905,0.00375,0.6552,0.0042,0.05615,0.00045,0.63585,0.00415,0.01935,5e-05,0.00479422412375882,0.000709926382087951,1011666.667,2451.22476717504,0.0468842167010302,1.34420126437162e-05,1.4804511594273e-05,23863.03511,57.8191064207511,0.000121147846772688
"72",72,"MAT-POC39","8/13/2019",2,1,22,"",14.399,15.4326,1.0336,3980.394,"","11/3/2020","",0.449,0.008,0.2335,0.0045,"11/19/2020","",0.438,0.004,0.142666667,0.001333333,79.25,2.034270772,"1a","8/7/2019","wide",0.59915,0.00095,0.65045,0.00425,0.0513,0.0033,0.63745,0.00375,0.013,5e-04,0.00129057575707329,0.000788531656413913,792500,4380.2196465978,0.0718521834773141,2.48719096652241e-05,7.36945287325828e-06,20342.70772,112.435997501755,0.00276354551835823
"73",73,"MRB-POC02","7/28/2019",NA,1,30,"",7.665,8.224,0.559,2181.66,"","11/2/2020","smear",0.247333333,0.001763834,0.473,0.004163332,"11/17/2020","",0.194333333,0.001763834,0.062666667,0.000333333,22.3,1.369747019,"1a_Pm","12/16/2019","wide",0.76815,0.00105,0.8135,7e-04,0.04535,0.00035,0.80345,0.00115,0.01005,0.00045,0.00650422155606281,0.000861729146613129,223000,3066.47231924315,0.138197519320151,5.72499656225076e-05,4.58366106542724e-06,13697.47019,188.353870768131,0.00618794862627541
"74",74,"MRB-POC03","7/28/2019",NA,1,22.5,"",13.153,14.041,0.888,3428.57,"","11/1/2020","pellet/smear",0.418666667,0.008089774,0.842333333,0.019229607,"11/16/2020","",0.426666667,0.01338324,0.124666667,0.003844188,102.6666667,6.173419726,"1a_Pm","12/16/2019","wide",0.77775,0.01165,0.82635,0.01225,0.0486,6e-04,0.8183,0.0076,0.00805,0.00465,0.00552781480106867,0.000818125343073059,1026666.667,6737.50280948034,0.0528281470117279,0.000126194348518479,2.52274942614559e-05,61734.19726,405.130838323266,0.030515637714849
"75",75,"MRB-POC04","7/28/2019",NA,1,15.5,"",10.3906,11.004,0.6134,2387.836,"","11/2/2020","pellet/smear",0.522333333,0.003282953,1.106,0.007211103,"11/17/2020","slightly clumpy, watch but don't discard",0.475666667,0.003333333,0.14,0.001,43.16666667,2.154566514,"1a_Pm","12/16/2019","tight",0.77515,0.00555,0.8243,0.0056,0.04915,5e-05,0.81175,0.00515,0.01255,0.00045,0.00717930377128078,0.000908772629276048,431666.6667,2802.04894048419,0.0814649749815314,4.68089502377885e-05,6.49123306625748e-06,21545.66514,139.857933991279,0.00292105487981587
"76",76,"MRB-POC05","7/28/2019",NA,1,25,"",26.201,27.869,1.668,6384.77,"","10/28/2020","pinkish tinge, lighter than whole homogenate",0.582333333,0.013169831,1.489666667,0.037489258,"11/19/2020","",0.636333333,0.015857,0.182666667,0.004807402,142.1666667,6.295059791,"1a_Pe","12/16/2019","wide",0.77295,0.00195,0.8224,0.0017,0.04945,0.00025,0.8083,0.002,0.0141,3e-04,0.00583289087547398,0.000715243724519442,1421666.667,5566.63226318254,0.0552095063721951,0.000146791732513466,1.88237086065747e-05,62950.59791,246.48733591813,0.00117467034834458
"77",77,"MRB-POC06","8/16/2019",NA,2,19,"working",30.663,32.819,2.156,8234.29,"","11/1/2020","pellet/smear",0.757333333,0.014098857,1.636,0.03300505,"11/16/2020","",0.778333333,0.01881784,0.224,0.005131601,101,8.469553314,"Did not amplify","12/16/2019","tight",0.75645,0.00105,0.80965,0.00095,0.0532,1e-04,0.793,9e-04,0.01665,5e-05,0.00377494598805726,0.000516863020369698,1010000,2330.4984400598,0.0384186128980155,7.61566510288076e-05,1.18407803222864e-05,84695.53314,195.428522636439,0.00011537120990395
"78",78,"MRB-POC07","8/16/2019",NA,2,27,"working",29.11,30.906,1.796,6869.89,"",NA,NA,NA,NA,NA,NA,NA,NA,NA,NA,NA,NA,47,2.190293501,"1a_Pm","12/16/2019","tight",0.76555,0.00785,0.81385,0.00795,0.0483,1e-04,0.8015,0.0081,0.01235,0.00015,NA,NA,470000,1847.19114862101,0.048537895075467,NA,NA,21902.93501,86.0827822963686,0.000589529089985429
"79",79,"MRB-POC08","7/28/2019",NA,1,20.8,"some tissue in bag, mild clumping",30.802,32.316,1.514,5801.11,"","11/1/2020","pellet/smear",0.398,0.00450925,0.793,0.010535654,NA,NA,NA,NA,NA,NA,86.66666667,2.419408059,"1a_Pe","12/16/2019","wide",0.7877,0.0062,0.83515,0.00625,0.04745,5e-05,0.8231,0.0061,0.01205,0.00015,0.00284331791674352,NA,866666.6667,3107.45127524905,0.043205524459974,3.77758055268733e-05,NA,24194.08059,86.7483768230563,0.00053782810531088
"80",80,"MRB-POC09","7/28/2019",NA,1,27,"",58.849,61.82,2.971,11323.14,"","11/3/2020","pellet/smear",0.429666667,0.00788106,1.463,0.029143324,"11/19/2020","",0.705,0.017058722,0.225666667,0.005456902,150.1666667,6.40529295,"1a_Pe","12/16/2019","tight",0.7732,8e-04,0.8235,1e-04,0.0503,7e-04,0.8094,4e-04,0.0141,3e-04,0.00348851996884257,0.00053810162278308,1501666.667,3580.7205429766,0.0336214159676556,6.94921857364653e-05,1.30119696479952e-05,64052.9295,152.734055791945,0.000715349275907566
"81",81,"MRB-POC10","7/28/2019",NA,1,25,"",43.663,45.858,2.195,8382.1,"","11/2/2020","pellet/smear",0.557666667,0.009243616,1.229333333,0.023411773,"11/19/2020","",0.682666667,0.010867894,0.196333333,0.003179797,103.8333333,2.212339134,"Did not amplify","12/16/2019","wide",0.76905,0.00285,0.819,0.003,0.04995,0.00015,0.80595,0.00315,0.01305,0.00015,0.0036665433870987,0.000585573224490283,1038333.333,3096.87707436084,0.0389222271268536,6.98266931914437e-05,9.48389126829792e-06,22123.39134,65.9840354445783,0.000447381920998318
"82",82,"MRB-POC11","8/16/2019",NA,2,17,"working",32.503,34.173,1.67,6392.35,"","11/2/2020","pellet",0.497,0.00305505,1.047333333,0.006765928,"11/17/2020","",0.514333333,0.002333333,0.150666667,0.000881917,117.3333333,5.829046044,"1a_Pm","12/16/2019","tight",0.7767,0.0037,0.8301,0.0031,0.0534,6e-04,0.81275,0.00325,0.01735,0.00015,0.00278530847982354,0.000400687280734002,1173333.333,3120.39651474028,0.0461410905222649,1.79935041103819e-05,2.34539551182273e-06,58290.46044,155.019332089138,0.000398914327281829
"83",83,"MRB-POC12","7/28/2019",1,1,25,"",35.955,38.553,2.598,9909.47,"","11/2/2020","pellet/smear",0.63,0.007211103,1.411666667,0.017704362,"11/18/2020","",0.681666667,0.007310571,0.199666667,0.002027588,118,6.623191577,"10","6/29/2019","tight",0.77545,0.00165,0.82545,0.00155,0.05,1e-04,0.8119,0.0017,0.01355,0.00015,0.00356140809498389,0.000503726907190798,1180000,2976.95033134971,0.0341844720252445,4.46652595951146e-05,5.11527861732262e-06,66231.91577,167.092477624939,0.000378425889578353
"84",84,"MRB-POC13","8/16/2019",2,2,25,"working",43.655,46.207,2.552,9735.13,"","11/3/2020","",0.714333333,0.01214267,1.561666667,0.028898289,NA,NA,NA,NA,NA,NA,44.72222222,2.629403317,"1a_Pm","6/29/2019","tight",0.7578,0.001,0.809,0.0011,0.0512,1e-04,0.79475,0.00075,0.01425,0.00035,0.00401038986382308,NA,447222.2222,1148.47521861547,0.0365942724955907,7.42113587594619e-05,NA,26294.03317,67.523579988146,0.000898806692874158
"85",85,"MRB-POC14","7/28/2019",1,1,30,"",25.525,27.228,1.703,6517.42,"","11/1/2020","pellet/smear",0.454666667,0.012574224,0.926333333,0.029168095,NA,NA,NA,NA,NA,NA,50.58333333,3.939809127,"3a","6/30/2019","tight",0.77415,0.00335,0.82255,0.00405,0.0484,7e-04,0.8105,0.0037,0.01205,0.00035,0.0042639572085273,NA,505833.3333,2328.37533855421,0.055466733768884,0.00013426215434942,NA,39398.09127,181.351322778032,0.00161106695594269
"86",86,"MRB-POC15","8/16/2019",2,2,20,"working",15.487,16.45,0.963,3712.82,"","10/28/2020","light smear",0.496666667,0.012467736,1.246333333,0.035139405,"11/19/2020","",0.644666667,0.02867248,0.185,0.008,105.5,2.109502311,"1a_Pm","6/30/2019","tight",0.77875,0.00035,0.8278,0.0016,0.04905,0.00125,0.81505,0.00055,0.01275,0.00105,0.00671367495865676,0.000996547098970594,1055000,5683.01183467014,0.0686809487128382,0.000189286876282718,4.30939286041338e-05,21095.02311,113.633427475612,0.00565607812929256
"87",87,"MRB-POC16","8/16/2019",1,2,19,"working",8.891,9.602,0.711,2757.74,"","11/2/2020","smear",0.345666667,0.000881917,0.697333333,0.002185813,"11/18/2020","",0.326666667,0.002333333,0.097333333,0.000881917,81.25,3.375771517,"1a_Pe","6/30/2019","wide",0.78305,0.00915,0.83095,0.00925,0.0479,1e-04,0.81855,0.00915,0.0124,1e-04,0.00480441714120983,0.0006705974192636,812500,5597.88087346886,0.0854322742535555,1.50595948131441e-05,6.07614314619942e-06,33757.71517,232.580514562649,0.000688969953657705
"88",88,"MRB-POC17","7/28/2019",2,2,22.5,"working slurry",20.593,21.946,1.353,5190.92,"","11/2/2020","pellet",0.439666667,0.012666667,0.916,0.029263174,"11/17/2020","",0.471333333,0.003527668,0.138666667,0.00120185,124.6666667,5.308274463,"1a_Pe","7/1/2019","wide",0.77325,0.00035,0.83175,0.00075,0.0585,4e-04,0.8173,7e-04,0.01445,5e-05,0.00397039445801515,0.000601049526384533,1246666.667,5403.66640354696,0.0626334060243656,0.000126840986761499,5.20940892943833e-06,53082.74463,230.086719536229,0.000216724588319604
"89",89,"MRB-POC18","7/28/2019",2,1,28,"",26.892,28.574,1.682,6437.83,"","11/1/2020","pellet/smear",0.569333333,0.005174725,1.195,0.012529964,"11/16/2020","",0.599,0.015,0.173333333,0.004333333,134.1666667,5.781676035,"1a_Pe","7/1/2019","wide",0.7717,0.0033,0.8209,0.0039,0.0492,6e-04,0.80805,0.00415,0.01285,0.00025,0.00519740347290935,0.000753877210799291,1341666.667,5835.29957703139,0.0558883971773097,5.44964672878905e-05,1.88469288564625e-05,57816.76035,251.461950657287,0.00108732290228229
"90",90,"MRB-POC19","7/28/2019",2,1,32,"",32.703,34.545,1.842,7044.23,"",NA,NA,NA,NA,NA,NA,"11/18/2020","",0.407333333,0.00120185,0.120666667,0.000333333,47.77777778,2.244172636,"1a_Pm","7/1/2019","tight",0.76885,0.00285,0.8144,0.0024,0.04555,0.00045,0.80415,0.00285,0.01025,0.00045,NA,0.000548155489528309,477777.7778,2170.4130741898,0.0465629316476038,NA,1.51424016535519e-06,22441.72636,101.946592249259,0.00204422626745578
"91",91,"MRB-POC20","7/28/2019",2,1,28.2,"",65.839,70.168,4.329,16469.96,"","11/2/2020","pellet",0.671,0.007023769,1.514,0.017039171,"11/18/2020","",0.927,0.004,0.27,0.001,217.1666667,8.215500255,"1a_Pe","7/1/2019","wide",0.76975,0.00255,0.822,0.0022,0.05225,0.00035,0.80575,0.00235,0.01625,0.00015,0.00259228316280064,0.000462296204726666,2171666.667,3718.3454003167,0.0278233826918827,2.91746077221803e-05,1.71220816565432e-06,82155.00255,140.666466215461,0.000256831224848148
"92",92,"MRB-POC21","7/28/2019",1,1,29.5,"",45.717,48.103,2.386,9105.99,"",NA,NA,NA,NA,NA,NA,"11/19/2020","moderately clumpy, maybe discard",0.455666667,0.046755867,0.148,0.014525839,54.25,2.7334211,"1a_Pm","7/1/2019","tight",0.78075,0.00465,0.8299,0.0041,0.04915,0.00055,0.8165,0.0043,0.0134,2e-04,NA,0.000479464616148272,542500,1757.4969882462,0.0434109855161273,NA,4.70582825700446e-05,27334.211,88.5526147623707,0.000647925156957124
"93",93,"MRB-POC22","7/28/2019",2,1,28,"",20.658,21.828,1.17,4497.35,"","11/3/2020","pellet",0.295,0.007371115,0.956666667,0.027720831,"11/19/2020","",0.414666667,0.001452966,0.135666667,0.000333333,86.83333333,6.030017505,"1a_Pe","7/22/2019","wide",0.7833,5e-04,0.83185,0.00025,0.04855,0.00075,0.81935,5e-05,0.0125,3e-04,0.00595610007582243,0.0008446455526032,868333.3333,5406.14658240964,0.0778236072353719,0.00017258680511857,2.07529411764706e-06,60300.17505,375.42217114523,0.00186776657364893
"94",94,"MRB-POC23","7/28/2019",1,1,23,"",22.364,24.298,1.934,7392.91,"","11/1/2020","pellet/smear",0.582,0.011676187,1.224,0.027392213,"11/16/2020","",0.515,0.003464102,0.149666667,0.000881917,84.5,2.753785274,"1a_Pm","7/22/2019","tight",0.77765,0.00955,0.82665,0.00985,0.049,3e-04,0.8142,0.0102,0.01245,0.00035,0.00380797277391447,0.000465626301551081,845000,2628.87009310272,0.0387330564013359,8.52196089226029e-05,2.74372216082706e-06,27537.85274,85.6727070963937,0.00108888110365201
"95",95,"MRB-POC24","7/28/2019",1,1,25,"",27.165,28.753,1.588,6081.57,"","11/2/2020","pellet",0.427333333,0.012018504,0.887,0.02787472,"11/17/2020","",0.44,0.002,0.129666667,0.000666667,83.16666667,3.68829708,"1a_Pe","7/22/2019","wide",0.77895,0.00535,0.8271,0.0051,0.04815,0.00025,0.8151,0.0053,0.012,2e-04,0.00364626239605891,0.000533031219734378,831666.6667,3418.79920275521,0.0493293672522063,0.000114586858327702,2.74052177316055e-06,36882.9708,151.617800995467,0.000822156120870104
"96",96,"MRB-POC25","7/28/2019",1,1,21,"",7.115,7.522,0.407,1605.58,"","11/1/2020","smear",0.235,0.003,0.411333333,0.007333333,"11/16/2020","",0.201666667,0.001452966,0.061666667,0.000333333,24.20833333,1.322847125,"1a_Pe","7/22/2019","wide",0.7702,0.0015,0.81525,0.00165,0.04505,0.00015,0.8058,0.0015,0.00945,0.00015,0.0053799872899513,0.00080656211898504,242083.3333,3166.30127386988,0.123600194322301,9.5915490352396e-05,4.3597908543953e-06,13228.47125,173.02027694042,0.00196190784638573
"97",97,"MRB-POC26","7/28/2019",2,1,25,"",23.466,25.366,1.9,7264.05,"","11/2/2020","pellet",0.607,0.011015141,1.353333333,0.028144469,"11/18/2020","Slurry still very dark",0.649333333,0.003179797,0.19,0.001,269.6666667,26.10449089,"3b","7/23/2019","tight",0.77545,0.00875,0.825,0.0089,0.04955,0.00015,0.8113,0.0092,0.0137,3e-04,0.00465764047948459,0.000653905190630571,2696666.667,9280.86489974601,0.0471500058507307,9.68621808770589e-05,3.44160626647669e-06,261044.9089,898.413794302077,0.00103248187994301
"98",98,"MRB-POC27","7/28/2019",1,1,20,"",9.442,10.242,0.8,3095.05,"","11/3/2020","",0.304,0.00057735,0.592666667,0.001763834,"11/19/2020","",0.298,0.002516611,0.099333333,0.000666667,55.25,2.243255886,"1a_Pm","7/23/2019","tight",0.7727,0.0081,0.81725,0.00775,0.04455,0.00035,0.80745,0.00785,0.0098,1e-04,0.00382977119594191,0.000641885158559635,552500,3570.2169593383,0.0633269252516114,1.13977738647195e-05,4.30795625272613e-06,22432.55886,144.95765082955,0.000646193114812362
"99",99,"MRB-POC28","7/28/2019",1,1,28,"",37.261,39.157,1.896,7248.89,"","11/3/2020","pellet/smear",0.543666667,0.001855921,1.159,0.004041452,"11/19/2020","",0.600333333,0.011215069,0.172666667,0.002962731,163.1666667,6.968580279,"1a_Pe","7/23/2019","wide",0.77035,0.00015,0.81855,0.00015,0.0482,3e-04,0.8058,2e-04,0.01275,0.00035,0.0044768233481264,0.000666952688756485,1631666.667,6302.57414252389,0.0492489194897426,1.56107564054635e-05,1.14440235677462e-05,69685.80279,269.172587543748,0.00135193112324783
"100",100,"MRB-POC29","7/28/2019",2,1,33,"",37.339,39.128,1.789,6843.36,"",NA,NA,NA,NA,NA,NA,"11/17/2020","",0.457,0.002516611,0.134666667,0.000666667,15.43333333,0.824458489,"1a_Pe","7/23/2019","wide",0.78995,0.00485,0.8364,0.0047,0.04645,0.00015,0.825,0.005,0.0114,3e-04,NA,0.000649388606035632,154333.3333,744.225058874588,0.0549729957214,NA,3.21479667882444e-06,8244.58489,39.7569763054991,0.00144665778214211
"101",101,"MRB-POC30","8/16/2019",1,2,27,"working",52.086,55.251,3.165,12058.4,"","11/2/2020","pellet/smear",0.682333333,0.006009252,1.541666667,0.015070206,"11/18/2020","",0.909666667,0.014903393,0.265333333,0.004176655,108.5,6.107000454,"1a_Pe","7/24/2019","tight",0.77965,0.00225,0.83155,0.00275,0.0519,5e-04,0.81575,0.00345,0.0158,7e-04,0.00345195050827639,0.000594108670387448,1085000,2429.42678962383,0.0353778279041996,3.37437439461288e-05,9.35196087374776e-06,61070.00454,136.742032324355,0.00156737212233796
"102",102,"MRB-POC31","8/16/2019",2,2,21,"working",10.192,10.954,0.762,2951.03,"","10/28/2020","",0.406,0.005686241,0.988333333,0.016179548,"11/19/2020","",0.391333333,0.012333333,0.113333333,0.003333333,46.72222222,1.834323361,"1a_Pm","7/24/2019","tight",0.77075,0.00085,0.8184,0.0011,0.04765,0.00025,0.8062,0.0011,0.0122,0,0.00703313758009915,0.000806498067793279,467222.2222,3324.82782831757,0.0868171452001505,0.000115136243277771,2.37205291033978e-05,18343.23361,130.533375062266,0
"103",103,"MRB-POC32","8/4/2019",1,1,22,"",24.097,25.469,1.372,5262.93,"","10/28/2020","dark pink",0.347666667,0.006227181,0.821333333,0.017572074,"11/19/2020","",0.553,0.002081666,0.159,0.00057735,143.5,9.820896089,"1a_Pe","7/24/2019","wide",0.7845,0.0053,0.8322,0.0053,0.0477,0,0.82025,0.00535,0.01195,5e-05,0.00343332199478237,0.000664648779292143,1435000,5998.55973763664,0.0499531629719567,7.34544498976806e-05,2.41342750141081e-06,98208.96089,410.531232522568,0.000209009050091869
"104",104,"MRB-POC33","8/4/2019",2,1,28,"",34.347,36.82,2.473,9435.72,"","11/2/2020","pellet/smear",0.555333333,0.007446103,1.223333333,0.01881784,"11/18/2020","",0.611333333,0.009171211,0.179333333,0.002666667,65,4.963503162,"1a_Pe","7/24/2019","wide",0.77435,0.00245,0.82165,0.00225,0.0473,2e-04,0.809,0.0024,0.01265,0.00015,0.00363017695777323,0.000532162179886644,650000,1928.84061841598,0.0375382058814802,5.58409448351583e-05,7.91319326982997e-06,49635.03162,147.289330900027,0.000445117065788302
"105",105,"MRB-POC34","8/4/2019",2,1,15,"",16.989,18.493,1.504,5763.21,"","11/2/2020","pellet",0.777666667,0.005456902,1.692666667,0.012547687,"11/17/2020","",0.972333333,0.006765928,0.276666667,0.001855921,99.41666667,3.285547631,"10","7/26/2019","tight",0.78065,0.01025,0.83345,0.01045,0.0528,2e-04,0.81775,0.01035,0.0157,1e-04,0.00440553094629555,0.000720084814712634,994166.6667,2587.53368357218,0.0408626442555451,3.26580681599317e-05,4.83043564263666e-06,32855.47631,85.513480274014,0.000260271619462071
"106",106,"MRB-POC35","8/4/2019",1,1,20,"",16.06,17.286,1.226,4709.59,"","11/1/2020","pellet/smear",0.617666667,0.008373238,1.308,0.019629909,"11/16/2020","Dark",0.648666667,0.003282953,0.187333333,0.000881917,106.75,3.25,"10","7/26/2019","tight",0.7812,0.0041,0.82965,0.00395,0.04845,0.00015,0.81775,0.00405,0.0119,1e-04,0.00555462365089105,0.000795539879267622,1067500,4533.30332364388,0.05053518459144,8.33614348595101e-05,3.74519650330496e-06,32500,138.016260438807,0.00042466541673479
"107",107,"MRB-POC36","8/4/2019",1,1,23,"",47.363,49.825,2.462,9394.03,"","10/28/2020","pelleted well; CV >5 but not redone",0.652,0.028112868,1.688333333,0.08004235,"11/19/2020","",1.003666667,0.022929845,0.287333333,0.006437736,152.6666667,7.14920353,"1a_Pe","7/26/2019","wide",0.78725,0.00175,0.8364,0.0023,0.04915,0.00055,0.82265,0.00225,0.01375,5e-05,0.00413365367781453,0.000703496439653695,1526666.667,3737.83491653742,0.0336649978763108,0.00019597276674654,1.57619177286e-05,71492.0353,175.038488476192,0.000122418174095676
"108",108,"MRB-POC37","8/4/2019",1,1,25,"",46.575,49.009,2.434,9287.91,"","11/3/2020","",0.868666667,0.016424913,1.927,0.039208843,"11/17/2020","",0.803666667,0.015835965,0.230333333,0.004371626,88.83333333,4.093293357,"Did not amplify","7/26/2019","wide",0.76855,0.00365,0.81835,0.00375,0.0498,1e-04,0.80385,0.00385,0.0145,1e-04,0.0051868504324439,0.000619981602427241,888333.3333,2391.10126309364,0.0390292326260698,0.000105537314099727,1.17669798695293e-05,40932.93357,110.177999060068,0.000269167121559102
