chunk,version,issues_with_model,model,model_type,surface_area_cm2,area_cm2,max_height_cm,min_height_cm,height_range_cm,volume_cm3,extent_volume_cm3,convex_hull_volume_cm3,sampling_date
1-1 (FE-POC61),1,no, 1-1 (FE-POC61)_open_200K,Mesh,1687.838566,326.5818592,9.902260898,-5.803455194,15.70571609,0.0,6596.485032,3123.057453,2019-12-01
1-1 (FE-POC61),1,no, 1-1 (FE-POC61)_closed_200K,Mesh,1792.654756,326.5566179,9.902260898,-5.803455194,15.70571609,1435.430438,6596.309182,3118.967266,2019-12-01
1-2A (FE-POC62),1,no, 1-2A (FE-POC62)_open_200K,Mesh,1575.674523,339.8578851,10.74250662,-5.572637149,16.31514377,0.0,7564.590265,3316.017454,2019-12-01
1-2A (FE-POC62),1,no, 1-2A (FE-POC62)_closed_200K,Mesh,1659.393119,339.867183,10.74250662,-5.572637149,16.31514377,1755.475392,7564.590265,3315.13853,2019-12-01
1-2B (FE-POC63),1,no, 1-2B (FE-POC63)_open_200K,Mesh,1599.345413,340.0651004,10.89031964,-8.337293477,19.22761311,0.0,9365.728446,3721.005422,2019-12-01
1-2B (FE-POC63),1,no, 1-2B (FE-POC63)_closed_200K,Mesh,1764.543672,340.0649574,10.88680832,-8.337293477,19.2241018,1369.658065,9364.311811,3716.698634,2019-12-01
1-2C (FE-POC64),1,no, 1-2C (FE-POC64)_open_200K,Mesh,1559.25353,324.5796596,11.21642778,-5.512060097,16.72848788,0.0,6688.556906,3097.230321,2019-12-01
1-2C (FE-POC64),1,no, 1-2C (FE-POC64)_closed_200K,Mesh,1684.164427,324.5800058,11.2178427,-5.455397478,16.67324018,1362.423582,6666.561048,3094.648829,2019-12-01
1-2D (FE-POC65),1,no, 1-2D (FE-POC65)_open_200K,Mesh,1299.887907,254.2040075,8.054193188,-7.409373493,15.46356668,0.0,5621.182558,2492.682216,2019-12-01
1-2D (FE-POC65),1,no, 1-2D (FE-POC65)_closed_200K,Mesh,1456.09219,254.0458995,8.054193188,-7.409373493,15.46356668,1060.961976,5601.584458,2487.913629,2019-12-01
1-2E (FE-POC66),1,no, 1-2E (FE-POC66)_open_200K,Mesh,1375.840991,277.5907857,7.220261788,-7.417187958,14.63744975,0.0,5517.609548,2683.261683,2019-12-01
1-2E (FE-POC66),1,no, 1-2E (FE-POC66)_closed_200K,Mesh,1581.576169,277.5728331,7.220261788,-7.412164289,14.63242608,1125.944072,5512.824735,2679.440122,2019-12-01
1-2F (FE-POC67),1,no, 1-2F (FE-POC67)_open_200K,Mesh,1836.886387,348.3703914,12.68187108,-5.986509965,18.66838104,0.0,9274.821799,4028.403856,2019-12-01
1-2F (FE-POC67),1,no, 1-2F (FE-POC67)_closed_200K,Mesh,1943.960482,348.3502405,12.68187108,-5.986509965,18.66838104,1650.188919,9274.821799,4027.180175,2019-12-01
1-3 (FE-POC68),1,no, 1-3 (FE-POC68)_open_200K,Mesh,1388.165056,277.6175174,9.485845327,-7.133495228,16.61934055,0.0,6540.971823,2932.286031,2019-12-01
1-3 (FE-POC68),1,no, 1-3 (FE-POC68)_closed_200K,Mesh,1536.623176,277.5792374,9.485845327,-7.133495228,16.61934055,1189.243033,6541.524817,2926.587648,2019-12-01
1-4A (FE-POC69),1,no, 1-4A (FE-POC69)_open_200K,Mesh,1245.511003,234.2469425,8.223450563,-7.242605448,15.46605601,0.0,4901.178037,2354.600223,2019-12-01
1-4A (FE-POC69),1,no, 1-4A (FE-POC69)_closed_200K,Mesh,1373.603588,234.2281512,8.223450563,-7.242605448,15.46605601,1116.105378,4899.957543,2353.818669,2019-12-01
1-4B (FE-POC70),1,no, 1-4B (FE-POC70)_open_200K,Mesh,1606.84292,321.2539931,8.786687393,-6.366250665,15.15293806,0.0,6785.864825,3014.569485,2019-12-01
1-4B (FE-POC70),1,no, 1-4B (FE-POC70)_closed_200K,Mesh,1694.914118,321.2425786,8.786687393,-6.366250665,15.15293806,1020.43102,6785.864825,3012.000106,2019-12-01
1-4C (FE-POC71),1,no, 1-4C (FE-POC71)_open_200K,Mesh,1557.902271,273.5790351,11.10761848,-6.169718326,17.27733681,0.0,6070.771794,2949.676558,2019-12-01
1-4C (FE-POC71),1,no, 1-4C (FE-POC71)_closed_200K,Mesh,1652.912159,273.5787119,11.10833919,-6.169718326,17.27805752,1203.263059,6071.025032,2948.593814,2019-12-01
1-5 (FE-POC72),1,no, 1-5 (FE-POC72)_open_200K,Mesh,1447.943236,288.3137663,11.40590141,-6.720309426,18.12621083,0.0,7169.632761,3384.967391,2019-12-01
1-5 (FE-POC72),1,no, 1-5 (FE-POC72)_closed_200K,Mesh,1567.533965,288.2503573,11.40590141,-6.696526404,18.10242781,1027.783403,7159.332051,3383.625783,2019-12-01
1-6A (FE-POC73),1,no, 1-6A (FE-POC73)_open_200K,Mesh,1260.889501,268.8992405,7.210434903,-6.847426243,14.05786115,0.0,4886.258887,2342.238792,2019-12-01
1-6A (FE-POC73),1,no, 1-6A (FE-POC73)_closed_200K,Mesh,1385.647155,268.8983015,7.211697268,-6.803256335,14.0149536,1003.719569,4871.344999,2341.015536,2019-12-01
1-6B (FE-POC74),1,no, 1-6B (FE-POC74)_open_200K,Mesh,2011.103877,368.3067512,10.5916679,-7.70906709,18.30073499,0.0,8326.034279,4348.233285,2019-12-01
1-6B (FE-POC74),1,no, 1-6B (FE-POC74)_closed_200K,Mesh,2154.253733,368.3213619,10.5916679,-7.705840971,18.29750887,1522.579795,8324.566536,4344.241837,2019-12-01
1-6C (FE-POC75),1,no, 1-6C (FE-POC75)_open_200K,Mesh,1540.890782,294.660949,9.801355396,-5.536527897,15.33788329,0.0,5649.839569,2892.691891,2019-12-01
1-6C (FE-POC75),1,no, 1-6C (FE-POC75)_closed_200K,Mesh,1636.364273,294.6527195,9.801355396,-5.536527897,15.33788329,1211.681142,5650.722283,2890.747023,2019-12-01
1-7 (FE-POC76),1,no, 1-7 (FE-POC76)_open_200K,Mesh,1919.944585,386.3321887,7.609030517,-7.817447055,15.42647757,0.0,8507.867563,3901.459164,2019-12-01
1-7 (FE-POC76),1,no, 1-7 (FE-POC76)_closed_200K,Mesh,2155.959658,386.3292375,7.609030517,-7.817447055,15.42647757,1618.314912,8507.867563,3896.0732,2019-12-01
1-8 (FE-POC77),1,no, 1-8 (FE-POC77)_open_200K,Mesh,2939.034863,500.8687953,13.01010735,-8.292134203,21.30224155,0.0,13872.57422,6599.714727,2019-12-01
1-8 (FE-POC77),1,no, 1-8 (FE-POC77)_closed_200K,Mesh,3081.189424,500.8643073,13.00343174,-8.276898837,21.28033057,3335.369415,13858.30522,6596.724848,2019-12-01
1-9 (FE-POC78),1,no, 1-9 (FE-POC78)_open_200K,Mesh,2845.039781,603.1287122,12.90558783,-6.377013302,19.28260114,0.0,14633.84686,6702.713368,2019-12-01
1-9 (FE-POC78),1,no, 1-9 (FE-POC78)_closed_200K,Mesh,2958.068967,603.1277489,12.90558783,-6.363995535,19.26958337,2301.38999,14621.89481,6698.475312,2019-12-01
2-1 (FE-POC79),1,no, 2-1 (FE-POC79)_open_200K,Mesh,1682.455828,317.2948627,13.79867991,-3.469299053,17.26797896,0.0,7217.878188,3479.554416,2019-12-01
2-1 (FE-POC79),1,no, 2-1 (FE-POC79)_closed_200K,Mesh,1778.876569,317.2194358,13.79867991,-3.469299053,17.26797896,980.0680177,7216.864232,3478.375607,2019-12-01
2-1 (FE-POC79)-2,2,no, 2-1 (FE-POC79)-2_open_200K,Mesh,1691.527839,317.9292376,13.76543031,-3.477979242,17.24340955,0.0,7226.794523,3489.234556,2019-12-01
2-1 (FE-POC79)-2,2,no, 2-1 (FE-POC79)-2_closed_200K,Mesh,1796.604167,317.9909979,13.7648869,-3.463487563,17.22837446,984.0622507,7223.722736,3486.597283,2019-12-01
2-2 (FE-POC80)_issues_with_model,1,yes, 2-2 (FE-POC80)_open_200K,Mesh,1347.383752,271.9739445,6.907673109,-5.129164913,12.03683802,0.0,4373.148024,2082.256344,2019-12-01
2-2 (FE-POC80)_issues_with_model,1,yes, 2-2 (FE-POC80)_closed_200K,Mesh,1472.924582,271.9575618,6.907673109,-5.124033627,12.03170674,677.3343538,4371.054958,2079.299317,2019-12-01
2-2 (FE-POC80)-2,2,no, 2-2 (FE-POC80)-2_open_200K,Mesh,1397.330212,282.2970022,6.67050538,-5.076676596,11.74718198,0.0,4429.681039,2168.888741,2019-12-01
2-2 (FE-POC80)-2,2,no, 2-2 (FE-POC80)-2_closed_200K,Mesh,1479.189829,282.301104,6.67050538,-5.065339039,11.73584442,638.1235289,4425.405821,2166.401747,2019-12-01
2-3 (FE-POC81),1,no, 2-3 (FE-POC81)_open_200K,Mesh,1210.778113,239.3016555,8.896187476,-7.136991905,16.03317938,0.0,5026.793146,2305.433136,2019-12-01
2-3 (FE-POC81),1,no, 2-3 (FE-POC81)_closed_200K,Mesh,1300.836024,239.1553506,8.896187476,-7.136991905,16.03317938,779.4013823,5022.259506,2303.927405,2019-12-01
2-3 (FE-POC81)-2,2,no, 2-3 (FE-POC81)-2_open_200K,Mesh,1189.27939,236.1487758,8.924350453,-6.599254314,15.52360477,0.0,4785.365411,2267.716618,2019-12-01
2-3 (FE-POC81)-2,2,no, 2-3 (FE-POC81)-2_closed_200K,Mesh,1284.821152,236.064678,8.924350453,-6.599254314,15.52360477,744.8698453,4782.637158,2265.788877,2019-12-01
2-4A (FE-POC82),1,no, 2-4A (FE-POC82)_open_200K,Mesh,1439.629171,284.1300903,6.99285445,-6.210144825,13.20299927,0.0,5341.959575,2276.185812,2019-12-01
2-4A (FE-POC82),1,no, 2-4A (FE-POC82)_closed_200K,Mesh,1545.694328,284.1233494,6.99285445,-6.187234897,13.18008935,954.2826622,5333.49299,2271.510919,2019-12-01
2-4A (FE-POC82)-2,2,no, 2-4A (FE-POC82)-2_open_200K,Mesh,1400.096467,277.519876,7.53383946,-5.646229862,13.18006932,0.0,5199.598984,2208.375973,2019-12-01
2-4A (FE-POC82)-2,2,no, 2-4A (FE-POC82)-2_closed_200K,Mesh,1502.837371,277.4908158,7.531054307,-5.539379098,13.07043341,928.7917973,5154.596516,2200.820437,2019-12-01
2-4B (FE-POC83),1,no, 2-4B (FE-POC83)_open_200K,Mesh,2060.879291,296.2541273,11.00099556,-6.127269814,17.12826537,0.0,6539.72251,3438.392144,2019-12-01
2-4B (FE-POC83),1,no, 2-4B (FE-POC83)_closed_200K,Mesh,2188.442974,296.2616415,11.00099556,-6.119191814,17.12018737,1162.76233,6536.574558,3435.8021,2019-12-01
2-4B (FE-POC83)-2,2,no, 2-4B (FE-POC83)-2_open_200K,Mesh,2075.715716,301.9998624,11.09643376,-6.467381842,17.5638156,0.0,6833.136996,3509.619621,2019-12-01
2-4B (FE-POC83)-2,2,no, 2-4B (FE-POC83)-2_closed_200K,Mesh,2188.852085,302.0591811,11.09643376,-6.467381842,17.5638156,1211.267168,6830.353238,3504.948702,2019-12-01
2-4C (FE-POC84),1,no, 2-4C (FE-POC84)_open_200K,Mesh,1454.699349,248.4316564,8.090233061,-6.642443223,14.73267628,0.0,4521.016255,1905.234353,2019-12-01
2-4C (FE-POC84),1,no, 2-4C (FE-POC84)_closed_200K,Mesh,1506.164342,248.4297292,8.090233061,-6.619028155,14.70926122,678.1067942,4513.999821,1903.635479,2019-12-01
2-4C (FE-POC84)-2,2,no, 2-4C (FE-POC84)-2_open_200K,Mesh,1522.875308,262.2854326,8.119106011,-6.059360396,14.17846641,0.0,4568.074829,2027.679269,2019-12-01
2-4C (FE-POC84)-2,2,no, 2-4C (FE-POC84)-2_closed_200K,Mesh,1583.630268,262.2608933,8.119106011,-6.043311861,14.16241787,718.5400509,4564.135691,2026.985694,2019-12-01
2-5 (FE-POC85),1,no, 2-5 (FE-POC85)_open_200K,Mesh,1015.646813,196.5908542,8.30915695,-5.69486598,14.00402293,0.0,3891.552763,1573.182545,2019-12-01
2-5 (FE-POC85),1,no, 2-5 (FE-POC85)_closed_200K,Mesh,1065.395829,196.5774241,8.30915695,-5.684116701,13.99327365,592.0843413,3888.565665,1572.276443,2019-12-01
2-5 (FE-POC85)-2,2,no, 2-5 (FE-POC85)-2_open_200K,Mesh,1067.291959,206.260114,8.138591612,-6.193988658,14.33258027,0.0,4182.456905,1705.031701,2019-12-01
2-5 (FE-POC85)-2,2,no, 2-5 (FE-POC85)-2_closed_200K,Mesh,1121.663574,206.218324,8.138591612,-6.177057697,14.31564931,636.9317262,4177.516203,1704.351961,2019-12-01
2-6A (FE-POC86),1,no, 2-6A (FE-POC86)_open_200K,Mesh,1441.982091,286.4864823,7.877823461,-5.57807267,13.45589613,0.0,4984.407921,2300.144938,2019-12-01
2-6A (FE-POC86),1,no, 2-6A (FE-POC86)_closed_200K,Mesh,1528.954787,286.4935576,7.877823461,-5.565591661,13.44341512,794.7851475,4980.736511,2297.056958,2019-12-01
2-6A (FE-POC86)-2,2,no, 2-6A (FE-POC86)-2_open_200K,Mesh,1494.576241,295.5566461,8.244156502,-5.446234528,13.69039103,0.0,5226.561058,2446.398993,2019-12-01
2-6A (FE-POC86)-2,2,no, 2-6A (FE-POC86)-2_closed_200K,Mesh,1592.113925,295.5552227,8.244156502,-5.445258785,13.68941529,829.1696095,5225.712656,2425.522109,2019-12-01
2-6B (FE-POC87),1,no, 2-6B (FE-POC87)_open_200K,Mesh,1996.182561,379.9942062,8.499419537,-6.314391477,14.81381101,0.0,7513.213422,3531.630921,2019-12-01
2-6B (FE-POC87),1,no, 2-6B (FE-POC87)_closed_200K,Mesh,2092.516518,379.9868069,8.499419537,-6.227194787,14.72661432,1083.164566,7469.207422,3527.069529,2019-12-01
2-6B (FE-POC87)-2,2,no, 2-6B (FE-POC87)-2_open_200K,Mesh,2009.056808,383.1401049,8.497312034,-5.814681854,14.31199389,0.0,7314.672447,3536.281268,2019-12-01
2-6B (FE-POC87)-2,2,no, 2-6B (FE-POC87)-2_closed_200K,Mesh,2101.139632,383.0864439,8.49771884,-5.740213245,14.23793208,1080.654932,7275.38951,3532.485131,2019-12-01
2-6C (FE-POC88),1,no, 2-6C (FE-POC88)_open_200K,Mesh,1160.010363,219.1164292,6.714447358,-5.843351026,12.55779838,0.0,3985.925125,1563.316853,2019-12-01
2-6C (FE-POC88),1,no, 2-6C (FE-POC88)_closed_200K,Mesh,1238.791802,219.0899857,6.714447358,-5.813278105,12.52772546,693.3712261,3976.379958,1559.904226,2019-12-01
2-6C (FE-POC88)-2,2,no, 2-6C (FE-POC88)-2_open_200K,Mesh,1120.564163,212.8840308,6.875342001,-5.216768439,12.09211044,0.0,3734.99402,1482.245559,2019-12-01
2-6C (FE-POC88)-2,2,no, 2-6C (FE-POC88)-2_closed_200K,Mesh,1190.638977,212.8525124,6.871743897,-5.190868366,12.06261226,667.9439683,3726.578636,1479.199379,2019-12-01
2-6D (FE-POC89),1,no, 2-6D (FE-POC89)_open_200K,Mesh,1624.718785,268.2426517,10.36424958,-5.30714011,15.67138969,0.0,5653.802483,2602.21941,2019-12-01
2-6D (FE-POC89),1,no, 2-6D (FE-POC89)_closed_200K,Mesh,1695.346929,268.2484818,10.36827015,-5.248209421,15.61647957,1105.749837,5633.515766,2599.590449,2019-12-01
2-6D (FE-POC89)-2,2,no, 2-6D (FE-POC89)-2_open_200K,Mesh,1594.702531,259.482662,10.39399956,-6.038149126,16.43214869,0.0,5721.784532,2538.230035,2019-12-01
2-6D (FE-POC89)-2,2,no, 2-6D (FE-POC89)-2_closed_200K,Mesh,1662.894397,259.4643043,10.39399956,-6.038149126,16.43214869,1089.944593,5722.240307,2535.021043,2019-12-01
2-6E (FE-POC90),1,no, 2-6E (FE-POC90)_open_200K,Mesh,1963.639146,344.9456106,12.35197323,-5.200971167,17.5529444,0.0,8361.094608,3839.549843,2019-12-01
2-6E (FE-POC90),1,no, 2-6E (FE-POC90)_closed_200K,Mesh,2077.95426,344.8611715,12.35197323,-5.192792276,17.54476551,1097.68874,8357.390102,3834.992385,2019-12-01
2-6E (FE-POC90)-2,2,no, 2-6E (FE-POC90)-2_open_200K,Mesh,1929.440599,335.3437311,12.46250511,-4.97730267,17.43980778,0.0,7987.049784,3695.202027,2019-12-01
2-6E (FE-POC90)-2,2,no, 2-6E (FE-POC90)-2_closed_200K,Mesh,2040.493304,335.1965665,12.46250511,-4.965721087,17.4282262,1038.867731,7981.594663,3692.514872,2019-12-01
2-6F (FE-POC91),1,no, 2-6F (FE-POC91)_open_200K,Mesh,1306.87953,228.1459601,12.88141509,-4.785532057,17.66694714,0.0,5627.90626,2446.798535,2019-12-01
2-6F (FE-POC91),1,no, 2-6F (FE-POC91)_closed_200K,Mesh,1377.444122,228.1509642,12.88788749,-4.785532057,17.67341954,801.1261537,5629.968236,2445.329623,2019-12-01
2-6F (FE-POC91)-2,2,no, 2-6F (FE-POC91)-2_open_200K,Mesh,1287.517611,226.3265933,10.40001279,-7.062345061,17.46235785,0.0,5417.650575,2381.423417,2019-12-01
2-6F (FE-POC91)-2,2,no, 2-6F (FE-POC91)-2_closed_200K,Mesh,1352.409887,226.3380581,10.39856384,-7.019559739,17.41812357,782.1924464,5403.927007,2379.929385,2019-12-01
2-7 (FE-POC92),1,no, 2-7 (FE-POC92)_open_200K,Mesh,1964.029269,375.2755359,12.47371732,-4.365287105,16.83900443,0.0,9364.848085,3717.963187,2019-12-01
2-7 (FE-POC92),1,no, 2-7 (FE-POC92)_closed_200K,Mesh,2061.244183,375.2921671,12.47371732,-4.343409372,16.81712669,1422.573545,9352.680711,3712.614217,2019-12-01
2-8 (FE-POC93),1,no, 2-8 (FE-POC93)_open_200K,Mesh,1941.95902,344.890536,11.38756308,-5.837321806,17.22488489,0.0,7843.129107,3529.353151,2019-12-01
2-8 (FE-POC93),1,no, 2-8 (FE-POC93)_closed_200K,Mesh,2076.24896,344.8976333,11.38756308,-5.837321806,17.22488489,1318.195148,7844.58456,3527.79111,2019-12-01
2-9A (FE-POC94),1,no, 2-9A (FE-POC94)_open_200K,Mesh,1623.738994,319.0998393,9.296865431,-5.067731595,14.36459703,0.0,5960.636576,2614.639182,2019-12-01
2-9A (FE-POC94),1,no, 2-9A (FE-POC94)_closed_200K,Mesh,1694.422178,319.0932736,9.294428222,-5.060208043,14.35463627,1066.778871,5956.597149,2611.309819,2019-12-01
2-9B (FE-POC95),1,no, 2-9B (FE-POC95)_open_200K,Mesh,1582.049608,268.9406715,9.96624768,-6.445156352,16.41140403,0.0,6487.763639,2674.006726,2019-12-01
2-9B (FE-POC95),1,no, 2-9B (FE-POC95)_closed_200K,Mesh,1708.305525,268.940101,9.96624768,-6.445156352,16.41140403,1176.101449,6485.915889,2672.979437,2019-12-01
2-9C (FE-POC96),1,no, 2-9C (FE-POC96)_open_200K,Mesh,1657.973185,320.5970967,9.579581978,-5.882254913,15.46183689,0.0,6578.117966,3216.175322,2019-12-01
2-9C (FE-POC96),1,no, 2-9C (FE-POC96)_closed_200K,Mesh,1800.197539,320.6119806,9.579581978,-5.879672895,15.45925487,1535.030272,6575.232726,3212.560247,2019-12-01
3-1 (FE-POC97),1,no, 3-1 (FE-POC97)_open_200K,Mesh,1500.948933,326.2439386,10.60025979,-5.640913886,16.24117368,0.0,8083.458107,3056.346675,2019-12-01
3-1 (FE-POC97),1,no, 3-1 (FE-POC97)_closed_200K,Mesh,1617.390602,326.2533233,10.60025979,-5.640913886,16.24117368,1190.587984,8082.213065,3053.988632,2019-12-01
3-2 (FE-POC98),1,no, 3-2 (FE-POC98)_open_200K,Mesh,1052.653025,237.5398173,5.872030055,-6.097742798,11.96977285,0.0,3634.970927,1714.499039,2019-12-01
3-2 (FE-POC98),1,no, 3-2 (FE-POC98)_closed_200K,Mesh,1143.785369,237.5421268,5.872030055,-6.097742798,11.96977285,665.312264,3635.344544,1714.296738,2019-12-01
3-3 (FE-POC99),1,no, 3-3 (FE-POC99)_open_200K,Mesh,1710.755837,340.0038004,10.4829704,-5.595523771,16.07849417,0.0,6799.599816,3296.479606,2019-12-01
3-3 (FE-POC99),1,no, 3-3 (FE-POC99)_closed_200K,Mesh,1820.969456,340.0089487,10.48307405,-5.587883142,16.07095719,1700.42742,6796.412424,3295.421054,2019-12-01
3-4 (FE-POC100),1,no, 3-4 (FE-POC100)_open_200K,Mesh,1401.966393,341.6985476,11.57715496,-4.768362831,16.34551779,0.0,7113.984288,2922.906056,2019-12-01
3-4 (FE-POC100),1,no, 3-4 (FE-POC100)_closed_200K,Mesh,1465.398234,341.6916099,11.57715496,-4.75690141,16.33405637,850.8472047,7108.995987,2920.086742,2019-12-01
3-5A (FE-POC101),1,no, 3-5A (FE-POC101)_open_200K,Mesh,1509.264757,294.7440309,13.06414643,-4.704740493,17.76888692,0.0,7748.566797,3248.486004,2019-12-01
3-5A (FE-POC101),1,no, 3-5A (FE-POC101)_closed_200K,Mesh,1622.023931,294.7331859,13.06414643,-4.704740493,17.76888692,1095.789775,7748.865986,3239.483765,2019-12-01
3-5B (FE-POC102),1,no, 3-5B (FE-POC102)_open_200K,Mesh,1671.31625,336.0101567,13.2367469,-5.261522758,18.49826966,0.0,8457.148852,3799.792766,2019-12-01
3-5B (FE-POC102),1,no, 3-5B (FE-POC102)_closed_200K,Mesh,1818.120004,336.0124555,13.2367469,-5.261522758,18.49826966,1262.185253,8457.148852,3798.17801,2019-12-01
3-5C (FE-POC103),1,no, 3-5C (FE-POC103)_open_200K,Mesh,1717.85086,286.2192771,14.54399739,-5.631256668,20.17525406,0.0,7466.268663,3465.525503,2019-12-01
3-5C (FE-POC103),1,no, 3-5C (FE-POC103)_closed_200K,Mesh,1825.776133,286.2228729,14.54399739,-5.631256668,20.17525406,1398.930857,7467.319154,3463.929394,2019-12-01
3-5D (FE-POC104),1,no, 3-5D (FE-POC104)_open_200K,Mesh,1449.909721,318.3615306,8.812238653,-6.555560305,15.36779896,0.0,7016.6675,2954.948778,2019-12-01
3-5D (FE-POC104),1,no, 3-5D (FE-POC104)_closed_200K,Mesh,1518.927049,318.354569,8.812238653,-6.513544951,15.3257836,1154.949708,6997.484027,2952.034069,2019-12-01
3-5E (FE-POC105),1,no, 3-5E (FE-POC105)_open_200K,Mesh,1756.701285,277.1340803,11.03363705,-7.044943042,18.07858009,0.0,6478.584414,3259.715403,2019-12-01
3-5E (FE-POC105),1,no, 3-5E (FE-POC105)_closed_200K,Mesh,1899.016322,277.144197,11.03363705,-7.044943042,18.07858009,1225.284912,6476.835877,3257.401043,2019-12-01
3-5F (FE-POC106),1,no, 3-5F (FE-POC106)_open_200K,Mesh,1283.13759,259.9520299,7.01044943,-6.13983175,13.15028118,0.0,4911.163158,2182.408908,2019-12-01
3-5F (FE-POC106),1,no, 3-5F (FE-POC106)_closed_200K,Mesh,1402.220294,259.9050703,7.01044943,-6.121962553,13.13241198,1047.603326,4903.080112,2179.954369,2019-12-01
3-6 (FE-POC107),1,no, 3-6 (FE-POC107)_open_200K,Mesh,1005.447846,219.5569292,7.324007818,-5.459012642,12.78302046,0.0,4002.719274,1636.335389,2019-12-01
3-6 (FE-POC107),1,no, 3-6 (FE-POC107)_closed_200K,Mesh,1094.973204,219.5041193,7.324007818,-5.459012642,12.78302046,724.9498581,4002.719274,1636.208469,2019-12-01
3-7 (FE-POC108),1,no, 3-7 (FE-POC108)_open_200K,Mesh,1536.88274,320.2258997,7.933763002,-7.924150584,15.85791359,0.0,6999.955106,2916.653239,2019-12-01
3-7 (FE-POC108),1,no, 3-7 (FE-POC108)_closed_200K,Mesh,1631.451281,320.2330372,7.933763002,-7.924150584,15.85791359,929.8246709,7000.459385,2915.521392,2019-12-01
3-8A (FE-POC109),1,no, 3-8A (FE-POC109)_open_200K,Mesh,1846.718396,356.7151772,10.68890333,-5.395424228,16.08432756,0.0,8068.066749,3632.156726,2019-12-01
3-8A (FE-POC109),1,no, 3-8A (FE-POC109)_closed_200K,Mesh,1966.090299,356.6865694,10.68890333,-5.395424232,16.08432756,1096.575743,8068.066565,3630.120071,2019-12-01
3-8B (FE-POC110),1,no, 3-8B (FE-POC110)_open_200K,Mesh,1263.133025,249.8936139,7.252670725,-7.2875254,14.54019612,0.0,4950.923994,2205.980409,2019-12-01
3-8B (FE-POC110),1,no, 3-8B (FE-POC110)_closed_200K,Mesh,1383.570221,249.9103274,7.252670725,-7.2875254,14.54019612,788.4831865,4950.923994,2202.823509,2019-12-01
3-8C (FE-POC111),1,no, 3-8C (FE-POC111)_open_200K,Mesh,1663.10724,293.1639917,9.363360292,-6.432654102,15.79601439,0.0,6586.702065,3056.293458,2019-12-01
3-8C (FE-POC111),1,no, 3-8C (FE-POC111)_closed_200K,Mesh,1777.505292,293.0902617,9.363360292,-6.423350267,15.78671056,1116.412747,6581.818458,3053.773166,2019-12-01
3-9A (FE-POC112)_issues_with_model,1,yes, 3-9A (FE-POC112)_open_200K,Mesh,1908.535202,281.0362569,12.68239049,-5.817277581,18.49966807,0.0,7165.265239,3338.946726,2019-12-01
3-9A (FE-POC112)_issues_with_model,1,yes, 3-9A (FE-POC112)_closed_200K,Mesh,2059.759597,280.9802883,12.68239049,-5.782982621,18.46537311,904.0652838,7152.74648,3335.381578,2019-12-01
3-9B (FE-POC113),2,no, 3-9B (FE-POC113)_open_200K,Mesh,1320.982883,230.4695641,10.53594216,-4.541673077,15.07761524,0.0,4649.045359,2231.086342,2019-12-01
3-9B (FE-POC113),2,no, 3-9B (FE-POC113)_closed_200K,Mesh,1405.240683,230.4421673,10.53594216,-4.536444178,15.07238634,836.2027487,4648.571156,2229.393577,2019-12-01
3-9C (FE-POC114),2,no, 3-9C (FE-POC114)_open_200K,Mesh,1010.385792,206.270931,6.198183423,-6.49288441,12.69106783,0.0,3492.600297,1535.420743,2019-12-01
3-9C (FE-POC114),2,no, 3-9C (FE-POC114)_closed_200K,Mesh,1068.175916,206.2700583,6.198183423,-6.460037568,12.65822099,621.6237065,3483.560799,1534.660283,2019-12-01
1-1A (FE-POC61),,, 1-1A (FE-POC61)_open_200K,Mesh,3073.101078,591.0815374,13.22866482,-6.918924236,20.14758906,0.0,15775.84949,7879.929653,2021-05-01
1-1A (FE-POC61),,, 1-1A (FE-POC61)_closed_200K,Mesh,3247.988281,591.0488753,13.22866482,-6.918924236,20.14758906,3936.622284,15772.95944,7731.819391,2021-05-01
1-2A (FE-POC62),,, 1-2A (FE-POC62)_open_200K,Mesh,2711.448108,538.6632211,13.8919314,-6.67788403,20.56981543,0.0,14560.24047,6849.528877,2021-05-01
1-2A (FE-POC62),,, 1-2A (FE-POC62)_closed_200K,Mesh,2821.259417,538.6555122,13.8919314,-6.67788403,20.56981543,4043.6832,14560.24047,6846.713096,2021-05-01
1-2B (FE-POC63),,, 1-2B (FE-POC63)_open_200K,Mesh,1764.290758,367.9479345,10.83206877,-8.484223273,19.31629204,0.0,9881.564823,4042.344239,2021-05-01
1-2B (FE-POC63),,, 1-2B (FE-POC63)_closed_200K,Mesh,1925.485325,367.9599659,10.83206877,-8.484223273,19.31629204,1711.555929,9881.311864,4041.676241,2021-05-01
1-2C (FE-POC64),,, 1-2C (FE-POC64)_open_200K,Mesh,2154.124906,486.5769723,16.99112686,-2.482749818,19.47387667,0.0,12358.01912,5287.235631,2021-05-01
1-2C (FE-POC64),,, 1-2C (FE-POC64)_closed_200K,Mesh,2294.501078,486.5943009,16.98947148,-2.482749818,19.4722213,2454.843173,12356.96863,5283.893639,2021-05-01
1-2D (FE-POC65),,, 1-2D (FE-POC65)_open_200K,Mesh,2006.912689,357.7932899,11.47214479,-7.137039084,18.60918387,0.0,8843.345005,4316.334937,2021-05-01
1-2D (FE-POC65),,, 1-2D (FE-POC65)_closed_200K,Mesh,2185.026139,357.5484628,11.47214479,-7.116298894,18.58844368,1700.28085,8833.488976,4313.253092,2021-05-01
1-2E (FE-POC66),,, 1-2E (FE-POC66)_open_200K,Mesh,1634.208062,344.3459729,9.169886288,-7.112269368,16.28215566,0.0,7621.583429,3778.999876,2021-05-01
1-2E (FE-POC66),,, 1-2E (FE-POC66)_closed_200K,Mesh,1816.512556,344.3416252,9.169886288,-7.110116581,16.28000287,2114.961938,7616.970792,3776.777031,2021-05-01
1-2F (FE-POC67),,, 1-2F (FE-POC67)_open_200K,Mesh,2453.311816,579.0913835,15.13296279,-8.078535462,23.21149826,0.0,19670.66644,7663.571407,2021-05-01
1-2F (FE-POC67),,, 1-2F (FE-POC67)_closed_200K,Mesh,2557.475775,483.7972983,15.13296279,-6.715534529,21.84849732,2975.688028,14169.21998,6303.536714,2021-05-01
1-3A (FE-POC68),,, 1-3A (FE-POC68)_open_200K,Mesh,2145.592772,398.0750648,13.20219509,-6.198619534,19.40081462,0.0,10612.2023,5182.623312,2021-05-01
1-3A (FE-POC68),,, 1-3A (FE-POC68)_closed_200K,Mesh,2355.745332,398.0795959,13.20219509,-6.198619534,19.40081462,2819.913434,10612.2023,5177.45559,2021-05-01
1-4A (FE-POC69),,, 1-4A (FE-POC69)_open_200K,Mesh,2212.079638,403.0907414,11.24392162,-7.876703162,19.12062478,0.0,10495.05928,4939.946133,2021-05-01
1-4A (FE-POC69),,, 1-4A (FE-POC69)_closed_200K,Mesh,2371.688928,403.0853107,11.24392162,-7.875752934,19.11967455,2878.871183,10494.53771,4938.191981,2021-05-01
1-4B (FE-POC70),,, 1-4B (FE-POC70)_open_200K,Mesh,2441.407455,435.2196745,11.88310288,-8.327141371,20.21024425,0.0,11761.16324,5632.643664,2021-05-01
1-4B (FE-POC70),,, 1-4B (FE-POC70)_closed_200K,Mesh,2613.604752,435.2774434,11.88310288,-8.100554874,19.98365775,2897.699705,11629.30334,5621.131895,2021-05-01
1-4C (FE-POC71),,, 1-4C (FE-POC71)_open_200K,Mesh,2299.647817,413.482012,13.7277991,-6.984695181,20.71249428,0.0,11179.02785,5252.970711,2021-05-01
1-4C (FE-POC71),,, 1-4C (FE-POC71)_closed_200K,Mesh,2452.623718,413.4606842,13.72787692,-6.984695181,20.71257211,2628.636324,11177.52353,5249.600641,2021-05-01
1-5A (FE-POC72),,, 1-5A (FE-POC72)_open_200K,Mesh,2010.430753,360.6899657,15.03896149,-4.583527775,19.62248926,0.0,9773.86437,4864.361162,2021-05-01
1-5A (FE-POC72),,, 1-5A (FE-POC72)_closed_200K,Mesh,2150.141554,360.6864378,15.03896149,-4.583527775,19.62248926,1834.615699,9773.86437,4860.518562,2021-05-01
1-6A (FE-POC73),,, 1-6A (FE-POC73)_open_200K,Mesh,2089.703229,430.6522544,10.95258563,-6.46808695,17.42067258,0.0,10128.88397,4424.91216,2021-05-01
1-6A (FE-POC73),,, 1-6A (FE-POC73)_closed_200K,Mesh,2227.86923,430.5971206,10.95258563,-6.46808695,17.42067258,1921.729716,10125.55318,4422.348882,2021-05-01
1-6B (FE-POC74),,, 1-6B (FE-POC74)_open_200K,Mesh,2119.260834,392.7243845,7.60071262,-12.86626782,20.46698044,0.0,10078.83197,5173.349138,2021-05-01
1-6B (FE-POC74),,, 1-6B (FE-POC74)_closed_200K,Mesh,2324.970518,392.6374629,7.60071262,-12.85582513,20.45653775,2505.948406,10074.37533,5170.835527,2021-05-01
1-6C (FE-POC75),,, 1-6C (FE-POC75)_open_200K,Mesh,2797.497997,503.3048597,13.94804057,-5.984413199,19.93245377,0.0,12492.95995,6323.939564,2021-05-01
1-6C (FE-POC75),,, 1-6C (FE-POC75)_closed_200K,Mesh,2913.445378,503.280855,13.94804057,-5.970215522,19.9182561,2770.866277,12484.06135,6319.318962,2021-05-01
1-7A (FE-POC76),,, 1-7A (FE-POC76)_open_200K,Mesh,2169.106153,565.6301204,6.454153904,-13.88701579,20.3411697,0.0,16115.59884,6642.594888,2021-05-01
1-7A (FE-POC76),,, 1-7A (FE-POC76)_closed_200K,Mesh,2547.722339,565.6307466,6.454153904,-13.87635859,20.33051249,4309.893737,16107.15551,6639.887335,2021-05-01
1-8A (FE-POC77),,, 1-8A (FE-POC77)_open_200K,Mesh,3140.332352,621.6479365,13.48811967,-9.625706704,23.11382638,0.0,20778.15013,9498.025321,2021-05-01
1-8A (FE-POC77),,, 1-8A (FE-POC77)_closed_200K,Mesh,3315.446042,621.6563841,13.48811967,-9.571324999,23.05944467,5826.207872,20730.54472,9493.39239,2021-05-01
1-9A (FE-POC78),,, 1-9A (FE-POC78)_open_200K,Mesh,3837.125579,779.7842121,17.97421382,-4.271203079,22.2454169,0.0,21730.95608,10465.79216,2021-05-01
1-9A (FE-POC78),,, 1-9A (FE-POC78)_closed_200K,Mesh,3989.964028,779.8420605,17.97421382,-4.248517542,22.22273137,4528.558056,21708.79518,10460.43302,2021-05-01
2-1A (FE-POC79),,, 2-1A (FE-POC79)_open_200K,Mesh,2205.547401,380.1119462,16.73103337,-3.753309652,20.48434302,0.0,10792.82158,4884.721481,2021-05-01
2-1A (FE-POC79),,, 2-1A (FE-POC79)_closed_200K,Mesh,2309.607952,380.0862091,16.73103337,-3.728846852,20.45988022,1925.286693,10778.09427,4880.135048,2021-05-01
2-2A (FE-POC80),,, 2-2A (FE-POC80)_open_200K,Mesh,2061.889338,445.8609945,12.4795334,-5.141233433,17.62076683,0.0,9927.927011,5019.649056,2021-05-01
2-2A (FE-POC80),,, 2-2A (FE-POC80)_closed_200K,Mesh,2222.35898,445.8581008,12.48325799,-5.141233433,17.62449143,2714.160096,9930.025529,5016.528156,2021-05-01
2-3A (FE-POC81),,, 2-3A (FE-POC81)_open_200K,Mesh,1357.301976,274.8748312,12.74520933,-2.474981686,15.22019102,0.0,5496.624359,2633.237665,2021-05-01
2-3A (FE-POC81),,, 2-3A (FE-POC81)_closed_200K,Mesh,1478.472628,274.8983378,12.74520933,-2.474981686,15.22019102,1190.380104,5497.040607,2632.020697,2021-05-01
2-4A (FE-POC82),,, 2-4A (FE-POC82)_open_200K,Mesh,1913.66987,416.0880487,10.63214424,-5.27856232,15.91070656,0.0,9349.461842,3895.964412,2021-05-01
2-4A (FE-POC82),,, 2-4A (FE-POC82)_closed_200K,Mesh,2016.056764,416.0620222,10.63104208,-5.263189556,15.89423164,1991.470208,9339.780839,3894.998438,2021-05-01
2-4B (FE-POC83),,, 2-4B (FE-POC83)_open_200K,Mesh,1657.730609,322.1397863,10.48199327,-7.860038955,18.34203223,0.0,7712.883065,3916.318264,2021-05-01
2-4B (FE-POC83),,, 2-4B (FE-POC83)_closed_200K,Mesh,1853.56544,322.1340715,10.48199327,-7.860038955,18.34203223,2489.955891,7712.883065,3913.541827,2021-05-01
2-4C (FE-POC84),,, 2-4C (FE-POC84)_open_200K,Mesh,2144.824028,461.9843219,12.53818967,-5.63206231,18.17025198,0.0,10508.52288,4448.764451,2021-05-01
2-4C (FE-POC84),,, 2-4C (FE-POC84)_closed_200K,Mesh,2210.263731,461.973959,12.53818967,-5.63206231,18.17025198,2052.818215,10508.52288,4446.816105,2021-05-01
2-5A (FE-POC85),,, 2-5A (FE-POC85)_open_200K,Mesh,1238.09161,249.5025805,12.25542849,-2.986571487,15.24199998,0.0,4816.234886,2414.842289,2021-05-01
2-5A (FE-POC85),,, 2-5A (FE-POC85)_closed_200K,Mesh,1306.986268,249.51183,12.25542849,-2.986571487,15.24199998,1303.892309,4816.362997,2414.630413,2021-05-01
2-6A (FE-POC86),,, 2-6A (FE-POC86)_open_200K,Mesh,2710.812811,508.1195654,13.34155877,-4.441082627,17.78264139,0.0,12284.28146,5542.723287,2021-05-01
2-6A (FE-POC86),,, 2-6A (FE-POC86)_closed_200K,Mesh,2821.688443,508.1119936,13.34155877,-4.441082627,17.78264139,2822.146833,12282.49681,5541.875661,2021-05-01
2-6B (FE-POC87),,, 2-6B (FE-POC87)_open_200K,Mesh,2562.726444,533.1519738,11.8363918,-5.90199406,17.73838586,0.0,13047.62426,6110.90786,2021-05-01
2-6B (FE-POC87),,, 2-6B (FE-POC87)_closed_200K,Mesh,2676.260228,533.1519738,11.8363918,-5.848406566,17.68479836,2313.884379,13008.20751,6108.737863,2021-05-01
2-6C (FE-POC88),,, 2-6C (FE-POC88)_open_200K,Mesh,1619.545279,384.7379417,8.845652988,-5.505649626,14.35130261,0.0,7247.370016,3376.199952,2021-05-01
2-6C (FE-POC88),,, 2-6C (FE-POC88)_closed_200K,Mesh,1735.628125,384.7169403,8.845652988,-5.505649626,14.35130261,1946.113593,7247.449174,3375.842046,2021-05-01
2-6D (FE-POC89),,, 2-6D (FE-POC89)_open_200K,Mesh,2299.577001,430.2590667,14.30799157,-3.879989785,18.18798135,0.0,9789.368498,5054.456145,2021-05-01
2-6D (FE-POC89),,, 2-6D (FE-POC89)_closed_200K,Mesh,2399.272004,430.2558363,14.30799157,-3.879989785,18.18798135,2750.495649,9787.980352,5053.491908,2021-05-01
2-6E (FE-POC90),,, 2-6E (FE-POC90)_open_200K,Mesh,2308.02044,431.0562864,13.99090115,-4.85477553,18.84567668,0.0,10558.1543,5239.052078,2021-05-01
2-6E (FE-POC90),,, 2-6E (FE-POC90)_closed_200K,Mesh,2430.213138,431.051838,13.99090115,-4.832506603,18.82340776,2297.660372,10545.67829,5234.628219,2021-05-01
2-6F (FE-POC91),,, 2-6F (FE-POC91)_open_200K,Mesh,1765.615878,323.8165225,16.98784104,-3.257423965,20.245265,0.0,9046.452776,3867.609431,2021-05-01
2-6F (FE-POC91),,, 2-6F (FE-POC91)_closed_200K,Mesh,1828.337465,323.8176948,16.98784104,-3.257423965,20.245265,1550.492489,9045.605207,3865.864648,2021-05-01
2-7A (FE-POC92),,, 2-7A (FE-POC92)_open_200K,Mesh,2609.573992,569.0513955,15.19117243,-3.7268521,18.91802453,0.0,16019.08107,6639.084748,2021-05-01
2-7A (FE-POC92),,, 2-7A (FE-POC92)_closed_200K,Mesh,2735.828359,569.0281806,15.19117243,-3.7268521,18.91802453,3040.165913,16017.94981,6632.916946,2021-05-01
2-8A (FE-POC93),,, 2-8A (FE-POC93)_open_200K,Mesh,2332.398144,476.5040094,14.82657294,-5.360009125,20.18658206,0.0,13175.80072,6019.108932,2021-05-01
2-8A (FE-POC93),,, 2-8A (FE-POC93)_closed_200K,Mesh,2486.243922,476.4992956,14.82657294,-5.360009125,20.18658206,3487.567079,13176.65807,6018.214915,2021-05-01
2-9A (FE-POC94),,, 2-9A (FE-POC94)_open_200K,Mesh,2760.318884,597.3845779,13.71179662,-6.05814231,19.76993893,0.0,14709.8254,6782.008371,2021-05-01
2-9A (FE-POC94),,, 2-9A (FE-POC94)_closed_200K,Mesh,2855.322853,597.3800151,13.71179662,-6.057029178,19.76882579,4279.274406,14710.14384,6775.812978,2021-05-01
2-9B (FE-POC95),,, 2-9B (FE-POC95)_open_200K,Mesh,2380.63878,473.3397065,12.81104224,-6.443308034,19.25435027,0.0,12709.69422,6114.884111,2021-05-01
2-9B (FE-POC95),,, 2-9B (FE-POC95)_closed_200K,Mesh,2544.176941,473.3528388,12.81104224,-6.443308034,19.25435027,3842.069745,12709.69422,6113.339565,2021-05-01
2-9C (FE-POC96),,, 2-9C (FE-POC96)_open_200K,Mesh,2089.862957,425.863366,13.49700703,-6.784209486,20.28121652,0.0,12050.26167,5271.217082,2021-05-01
2-9C (FE-POC96),,, 2-9C (FE-POC96)_closed_200K,Mesh,2241.781168,425.8837808,13.49700703,-6.784209486,20.28121652,2798.954108,12049.17634,5270.459308,2021-05-01
3-1A (FE-POC97),,, 3-1A (FE-POC97)_open_200K,Mesh,2369.446221,509.4220287,10.17973718,-8.427899288,18.60763647,0.0,15305.95526,5789.272957,2021-05-01
3-1A (FE-POC97),,, 3-1A (FE-POC97)_closed_200K,Mesh,2501.823478,509.4720981,10.17973718,-8.427899288,18.60763647,2450.967009,15305.95526,5784.819871,2021-05-01
3-2A (FE-POC98),,, 3-2A (FE-POC98)_open_200K,Mesh,1636.882822,349.1985223,9.594735737,-4.902924828,14.49766057,0.0,7014.40788,3186.912175,2021-05-01
3-2A (FE-POC98),,, 3-2A (FE-POC98)_closed_200K,Mesh,1729.478592,349.1910306,9.594735737,-4.902924828,14.49766057,1364.72276,7014.40788,3185.740668,2021-05-01
3-3A (FE-POC99),,, 3-3A (FE-POC99)_open_200K,Mesh,2642.076205,483.4586439,13.4072028,-6.373872455,19.78107525,0.0,12363.03037,5859.332612,2021-05-01
3-3A (FE-POC99),,, 3-3A (FE-POC99)_closed_200K,Mesh,2765.034463,483.4497293,13.4072028,-6.355303591,19.76250639,2856.127425,12351.42496,5851.279471,2021-05-01
3-4A (FE-POC100),,, 3-4A (FE-POC100)_open_200K,Mesh,2121.7142,464.0798577,13.74141642,-3.745091394,17.48650781,0.0,10387.07324,4245.805776,2021-05-01
3-4A (FE-POC100),,, 3-4A (FE-POC100)_closed_200K,Mesh,2169.525778,464.0586214,13.74141642,-3.745091394,17.48650781,1601.550209,10383.50723,4244.030604,2021-05-01
3-5A (FE-POC101),,, 3-5A (FE-POC101)_open_200K,Mesh,2222.578791,428.4112696,15.30584415,-5.328976247,20.63482039,0.0,12640.84377,5310.748582,2021-05-01
3-5A (FE-POC101),,, 3-5A (FE-POC101)_closed_200K,Mesh,2347.879402,428.3908104,15.30584415,-5.328976247,20.63482039,2083.08493,12639.96787,5308.608701,2021-05-01
3-5B (FE-POC102),,, 3-5B (FE-POC102)_open_200K,Mesh,1946.99802,348.8757606,14.33482804,-7.928532798,22.26336084,0.0,10638.04719,4624.166202,2021-05-01
3-5B (FE-POC102),,, 3-5B (FE-POC102)_closed_200K,Mesh,2124.247909,348.9057346,14.33482804,-7.928532798,22.26336084,2218.657342,10637.1909,4621.510412,2021-05-01
3-5C (FE-POC103),,, 3-5C (FE-POC103)_open_200K,Mesh,2554.062725,444.7348233,17.28446668,-4.835674913,22.12014159,0.0,12452.87058,6413.650684,2021-05-01
3-5C (FE-POC103),,, 3-5C (FE-POC103)_closed_200K,Mesh,2688.041396,444.6972841,17.28446668,-4.835674913,22.12014159,3343.310645,12452.87058,6409.695004,2021-05-01
3-5D (FE-POC104),,, 3-5D (FE-POC104)_open_200K,Mesh,1542.011539,394.7641001,11.01333642,-4.308042397,15.32137881,0.0,8266.715705,3699.580592,2021-05-01
3-5D (FE-POC104),,, 3-5D (FE-POC104)_closed_200K,Mesh,1646.46309,394.7696401,11.01333642,-4.308042397,15.32137881,1814.605099,8266.715705,3699.396029,2021-05-01
3-5E (FE-POC105),,, 3-5E (FE-POC105)_open_200K,Mesh,2127.523166,407.968205,14.9001537,-7.545166099,22.4453198,0.0,11354.8133,5945.963834,2021-05-01
3-5E (FE-POC105),,, 3-5E (FE-POC105)_closed_200K,Mesh,2306.487274,407.9523176,14.9001537,-7.545166099,22.4453198,2863.623824,11354.8133,5941.947767,2021-05-01
3-5F (FE-POC106),,, 3-5F (FE-POC106)_open_200K,Mesh,1616.208067,404.876279,11.03937875,-5.825058817,16.86443757,0.0,9516.686954,3901.080502,2021-05-01
3-5F (FE-POC106),,, 3-5F (FE-POC106)_closed_200K,Mesh,1762.481383,404.8695118,11.03937875,-5.825058817,16.86443757,1836.608535,9517.637142,3899.453148,2021-05-01
3-6A (FE-POC107),,, 3-6A (FE-POC107)_open_200K,Mesh,1449.867614,293.5254783,6.962186804,-9.182905393,16.1450922,0.0,6899.196642,3072.677819,2021-05-01
3-6A (FE-POC107),,, 3-6A (FE-POC107)_closed_200K,Mesh,1558.724304,293.5239196,6.962186804,-9.182905393,16.1450922,1802.48023,6899.196642,3071.96309,2021-05-01
3-7A (FE-POC108),,, 3-7A (FE-POC108)_open_200K,Mesh,2682.394263,517.8679581,11.64572108,-6.781686082,18.42740716,0.0,12615.92271,6219.347614,2021-05-01
3-7A (FE-POC108),,, 3-7A (FE-POC108)_closed_200K,Mesh,2833.037699,517.8943912,11.64572108,-6.778732564,18.42445364,3282.65618,12613.90065,6215.734456,2021-05-01
3-8A (FE-POC109),,, 3-8A (FE-POC109)_open_200K,Mesh,2596.604802,493.7233664,13.09895082,-6.198306068,19.29725689,0.0,14131.01406,6200.493537,2021-05-01
3-8A (FE-POC109),,, 3-8A (FE-POC109)_closed_200K,Mesh,2731.500996,493.6396766,13.09895082,-6.198306068,19.29725689,3226.226757,14129.30703,6203.052116,2021-05-01
3-8B (FE-POC110),,, 3-8B (FE-POC110)_open_200K,Mesh,1497.025423,332.1735578,9.548806219,-7.755423082,17.3042293,0.0,8769.7638,3376.419356,2021-05-01
3-8B (FE-POC110),,, 3-8B (FE-POC110)_closed_200K,Mesh,1660.029875,332.178841,9.548806219,-7.755423082,17.3042293,1585.838744,8770.081941,3375.168928,2021-05-01
3-8C (FE-POC111),,, 3-8C (FE-POC111)_open_200K,Mesh,2030.994554,402.6755836,10.9352402,-6.271250294,17.20649049,0.0,9257.560771,4651.044213,2021-05-01
3-8C (FE-POC111),,, 3-8C (FE-POC111)_closed_200K,Mesh,2173.879989,402.6619855,10.93337841,-6.253034967,17.18641337,2144.72159,9247.847288,4648.884444,2021-05-01
3-9A (FE-POC112),,, 3-9A (FE-POC112)_open_200K,Mesh,2294.798489,433.4020827,15.78548868,-6.485246301,22.27073498,0.0,13327.52254,5819.246709,2021-05-01
3-9A (FE-POC112),,, 3-9A (FE-POC112)_closed_200K,Mesh,2406.668255,433.387709,15.78548868,-6.454922426,22.2404111,3239.42888,13313.54129,5816.627619,2021-05-01
3-5B (FE-POC102),,, 3-5B (FE-POC102)_open_200K,Mesh,1946.99802,348.8757606,14.33482804,-7.928532798,22.26336084,0.0,10638.04719,4624.166202,2021-05-01
3-5B (FE-POC102),,, 3-5B (FE-POC102)_closed_200K,Mesh,2124.247909,348.9057346,14.33482804,-7.928532798,22.26336084,2218.657342,10637.1909,4621.510412,2021-05-01
3-5C (FE-POC103),,, 3-5C (FE-POC103)_open_200K,Mesh,2554.062725,444.7348233,17.28446668,-4.835674913,22.12014159,0.0,12452.87058,6413.650684,2021-05-01
3-5C (FE-POC103),,, 3-5C (FE-POC103)_closed_200K,Mesh,2688.041396,444.6972841,17.28446668,-4.835674913,22.12014159,3343.310645,12452.87058,6409.695004,2021-05-01
3-5D (FE-POC104),,, 3-5D (FE-POC104)_open_200K,Mesh,1542.011539,394.7641001,11.01333642,-4.308042397,15.32137881,0.0,8266.715705,3699.580592,2021-05-01
3-5D (FE-POC104),,, 3-5D (FE-POC104)_closed_200K,Mesh,1646.46309,394.7696401,11.01333642,-4.308042397,15.32137881,1814.605099,8266.715705,3699.396029,2021-05-01
3-5E (FE-POC105),,, 3-5E (FE-POC105)_open_200K,Mesh,2127.523166,407.968205,14.9001537,-7.545166099,22.4453198,0.0,11354.8133,5945.963834,2021-05-01
3-5E (FE-POC105),,, 3-5E (FE-POC105)_closed_200K,Mesh,2306.487274,407.9523176,14.9001537,-7.545166099,22.4453198,2863.623824,11354.8133,5941.947767,2021-05-01
3-5F (FE-POC106),,, 3-5F (FE-POC106)_open_200K,Mesh,1616.208067,404.876279,11.03937875,-5.825058817,16.86443757,0.0,9516.686954,3901.080502,2021-05-01
3-5F (FE-POC106),,, 3-5F (FE-POC106)_closed_200K,Mesh,1762.481383,404.8695118,11.03937875,-5.825058817,16.86443757,1836.608535,9517.637142,3899.453148,2021-05-01
3-6A (FE-POC107),,, 3-6A (FE-POC107)_open_200K,Mesh,1449.867614,293.5254783,6.962186804,-9.182905393,16.1450922,0.0,6899.196642,3072.677819,2021-05-01
3-6A (FE-POC107),,, 3-6A (FE-POC107)_closed_200K,Mesh,1558.724304,293.5239196,6.962186804,-9.182905393,16.1450922,1802.48023,6899.196642,3071.96309,2021-05-01
3-7A (FE-POC108),,, 3-7A (FE-POC108)_open_200K,Mesh,2682.394263,517.8679581,11.64572108,-6.781686082,18.42740716,0.0,12615.92271,6219.347614,2021-05-01
3-7A (FE-POC108),,, 3-7A (FE-POC108)_closed_200K,Mesh,2833.037699,517.8943912,11.64572108,-6.778732564,18.42445364,3282.65618,12613.90065,6215.734456,2021-05-01
3-8A (FE-POC109),,, 3-8A (FE-POC109)_open_200K,Mesh,2596.604802,493.7233664,13.09895082,-6.198306068,19.29725689,0.0,14131.01406,6200.493537,2021-05-01
3-8A (FE-POC109),,, 3-8A (FE-POC109)_closed_200K,Mesh,2731.500996,493.6396766,13.09895082,-6.198306068,19.29725689,3226.226757,14129.30703,6203.052116,2021-05-01
3-8B (FE-POC110),,, 3-8B (FE-POC110)_open_200K,Mesh,1497.025423,332.1735578,9.548806219,-7.755423082,17.3042293,0.0,8769.7638,3376.419356,2021-05-01
3-8B (FE-POC110),,, 3-8B (FE-POC110)_closed_200K,Mesh,1660.029875,332.178841,9.548806219,-7.755423082,17.3042293,1585.838744,8770.081941,3375.168928,2021-05-01
3-8C (FE-POC111),,, 3-8C (FE-POC111)_open_200K,Mesh,2030.994554,402.6755836,10.9352402,-6.271250294,17.20649049,0.0,9257.560771,4651.044213,2021-05-01
3-8C (FE-POC111),,, 3-8C (FE-POC111)_closed_200K,Mesh,2173.879989,402.6619855,10.93337841,-6.253034967,17.18641337,2144.72159,9247.847288,4648.884444,2021-05-01
3-9A (FE-POC112),,, 3-9A (FE-POC112)_open_200K,Mesh,2294.798489,433.4020827,15.78548868,-6.485246301,22.27073498,0.0,13327.52254,5819.246709,2021-05-01
3-9A (FE-POC112),,, 3-9A (FE-POC112)_closed_200K,Mesh,2406.668255,433.387709,15.78548868,-6.454922426,22.2404111,3239.42888,13313.54129,5816.627619,2021-05-01
3-9B (FE-POC113),,, 3-9B (FE-POC113)_open_200K,Mesh,2603.313651,471.66614,18.04233943,-4.483069533,22.52540896,0.0,14375.21309,6966.840221,2021-05-01
3-9B (FE-POC113),,, 3-9B (FE-POC113)_closed_200K,Mesh,2742.473435,471.6193826,18.04233943,-4.483069533,22.52540896,4401.584505,14375.21309,6964.151501,2021-05-01
3-9C (FE-POC114),,, 3-9C (FE-POC114)_open_200K,Mesh,963.2065457,260.2430458,8.675872363,-5.003667453,13.67953982,0.0,4912.106941,2071.079135,2021-05-01
3-9C (FE-POC114),,, 3-9C (FE-POC114)_closed_200K,Mesh,1035.516168,260.2394071,8.675872363,-5.003667453,13.67953982,1350.514033,4912.106941,2071.010578,2021-05-01
